Workbook

Sheet Hrs. Summary
B2: Service Hours - 2025 | H2: BUSES PER ROUTE | O2: 2025
B4: Total Annual Service Hours | E4: =E21+E39+E56+T18 -> #REF!
B6: Weekday Service | O6: Total number of weekdays | S6: Holiday | T6: Hours
I7: Peak | J7: Off Peak | O7: 252 | S7: New Years Day | T7: 0
B8: ROUTE | C8: Service Hours/Weekday | D8: Service Hours /Year | E8: Weekday Difference From Previous Master | H8: ROUTE | I8: Buses | O8: Total number of Saturdays | S8: Family Day | T8: =$E$57 -> #REF!
O9: 52 | S9: Easter Sunday | T9: 0
B10: 400 | C10: ='400'!Q29 -> 23.366667 | D10: =C10*$O$7 -> 5888.4 | E10: =C10-'[1]Hrs. Summary'!C8 -> #REF! | H10: 400 | I10: 2 | J10: 0 | O10: Total number of Sundays | S10: Victoria Day | T10: 0
B11: 100 | C11: ='100'!U43 -> 30.533333 | D11: =C11*$O$7 -> 7694.4 | E11: =C11-'[1]Hrs. Summary'!C9 -> #REF! | H11: 100 | I11: 2 | J11: 2 | O11: 52 | S11: Canada Day | T11: =$E$57 -> #REF!
B12: 101 | C12: ='101'!Q42 -> 29.683333 | D12: =C12*$O$7 -> 7480.2 | E12: =C12-'[1]Hrs. Summary'!C10 -> #REF! | H12: 101 | I12: 2 | J12: 2 | O12: Total number of Serviced Holiday | S12: Civic Holiday | T12: =$E$57 -> #REF!
B13: 2 | C13: ='2'!W39 -> 48.283333 | D13: =C13*$O$7 -> 12167.4 | E13: =C13-'[1]Hrs. Summary'!C11 -> #REF! | H13: 2 | I13: 2 | J13: 1 | O13: 6 | S13: Labour Day | T13: =$E$57 -> #REF!
B14: 7 | C14: ='7'!AD39 -> 64.133333 | D14: =C14*$O$7 -> 16161.6 | E14: =C14-'[1]Hrs. Summary'!C12 -> #REF! | H14: 7 | I14: 4 | J14: 2 | O14: Total number of Un-serviced Holiday | S14: Thanksgiving | T14: 0
B15: 8A | C15: ='8A'!AH43 -> 83.1 | D15: =C15*$O$7 -> 20941.2 | E15: =C15-'[1]Hrs. Summary'!C13 -> #REF! | H15: 8A | I15: 5 | J15: 2.5 | O15: 5 | S15: Christmas Day | T15: 0
B16: 8B | C16: ='8B'!AI42 -> 79.433333 | D16: =C16*$O$7 -> 20017.2 | E16: =C16-'[1]Hrs. Summary'!C14 -> #REF! | H16: 8B | I16: 5 | J16: 2.5 | P16: Total Days | S16: Boxing Day | T16: 263
B17: 10 | C17: ='10'!Q40 -> 34.833333 | D17: =C17*$O$7 -> 8778 | E17: =C17-'[1]Hrs. Summary'!C15 -> #REF! | H17: 10 | I17: 2 | J17: 1 | P17: =O7+O9+O11+O13+O15 -> 367 | S17: New Years Eve | T17: 68
B18: 11 | C18: =#REF! -> #REF! | D18: =C18*$O$7 -> #REF! | E18: =C18-'[1]Hrs. Summary'!C16 -> #REF! | F18: just routes | H18: 11 | I18: 2 | J18: 1 | S18: Total | T18: =SUM(T7:T17) -> #REF!
B19: 12 | C19: ='12'!AH39 -> 69.483333 | D19: =C19*$O$7 -> 17509.8 | E19: =C19-'[1]Hrs. Summary'!C17 -> #REF! | F19: =SUM(C10:C19) -> #REF! | H19: 12 | I19: 4 | J19: 2
B20: TOD | C20: =ToD!CI11 -> 98.25 | D20: =C20*$O$7 -> 24759 | E20: =C20-'[1]Hrs. Summary'!C18 -> #REF! | H20: TOD | I20: 6 | J20: 2
B21: Total Trips | C21: TOTAL HOURS PER YEAR | E21: =SUM(D10:D20) -> #REF! | I21: =SUM(I10:I20) -> 36 | J21: =SUM(J10:J20) -> 18
C22: Total Hours per Day | E22: =SUM(C10:C20) -> #REF! | O22: 2025 Budgeting
P24: Previous Master (Annualized)
B25: Saturday Service | Q25: Rate | R25: Hours | S25: Cost
C26: Service Hours/Weekday | D26: Service Hours /Year | E26: Saturday Difference From Previous Master | I26: Peak | J26: Off Peak | P26: ToD Hours | Q26: 55.65 | R26: ='[1]Hrs. Summary'!$D$18+'[1]Hrs. Summary'!$D$38+'[1]Hrs. Summary'!$D$55 -> #REF! | S26: =R26*Q26 -> #REF!
B27: ROUTE | H27: ROUTE | I27: Buses | P27: Fixed Hours | Q27: 65 | R27: =SUM('[1]Hrs. Summary'!$D$8:$D$17,'[1]Hrs. Summary'!$D$28:$D$37,'[1]Hrs. Summary'!$D$45:$D$54) -> #REF! | S27: =R27*Q27 -> #REF!
B28: 400 | C28: ='400'!Q55 -> 19.366667 | D28: =C28*$O$9 -> 1007.0667 | E28: =C28-'[1]Hrs. Summary'!C28 -> #REF! | H28: 400 | I28: 2 | J28: 0 | P28: Annual Operational Costs | S28: =SUM(S26:S27) -> #REF!
B29: 100 | C29: ='100'!U85 -> 28.966667 | D29: =C29*$O$9 -> 1506.2667 | E29: =C29-'[1]Hrs. Summary'!C29 -> #REF! | H29: 100 | I29: 2 | J29: 2
B30: 101 | C30: ='101'!Q84 -> 28.7 | D30: =C30*$O$9 -> 1492.4 | E30: =C30-'[1]Hrs. Summary'!C30 -> #REF! | H30: 101 | I30: 2 | J30: 2 | P30: Current Master (Annualized)
B31: 2 | C31: ='2'!W79 -> 45.35 | D31: =C31*$O$9 -> 2358.2 | E31: =C31-'[1]Hrs. Summary'!C31 -> #REF! | H31: 2 | I31: 2 | J31: 1 | Q31: Rate | R31: Hours | S31: Cost
B32: 7 | C32: ='7'!AD77 -> 59.9 | D32: =C32*$O$9 -> 3114.8 | E32: =C32-'[1]Hrs. Summary'!C32 -> #REF! | H32: 7 | I32: 4 | J32: 2 | P32: ToD Hours | Q32: 55.65 | R32: =D20+D38+D55+T18 -> #REF! | S32: =R32*Q32 -> #REF!
B33: 8A | C33: ='8A'!AH84 -> 73.483333 | D33: =C33*$O$9 -> 3821.1333 | E33: =C33-'[1]Hrs. Summary'!C33 -> #REF! | H33: 8A | I33: 5 | J33: 2.5 | P33: Fixed Hours | Q33: 65 | R33: =SUM(D10:D19,D28:D37,D45:D54) -> #REF! | S33: =R33*Q33 -> #REF!
B34: 8B | C34: ='8B'!AI83 -> 71.766667 | D34: =C34*$O$9 -> 3731.8667 | E34: =C34-'[1]Hrs. Summary'!C34 -> #REF! | H34: 8B | I34: 5 | J34: 2.5 | P34: Annual Operational Costs | S34: =SUM(S32:S33) -> #REF!
B35: 10 | C35: ='10'!Q78 -> 31.833333 | D35: =C35*$O$9 -> 1655.3333 | E35: =C35-'[1]Hrs. Summary'!C35 -> #REF! | H35: 10 | I35: 2 | J35: 1 | R35: Net | S35: =S34-S28 -> #REF!
B36: 11 | C36: =#REF! -> #REF! | D36: =C36*$O$9 -> #REF! | E36: =C36-'[1]Hrs. Summary'!C36 -> #REF! | F36: just routes | H36: 11 | I36: 2 | J36: 1
B37: 12 | C37: ='12'!AH79 -> 65.883333 | D37: =C37*$O$9 -> 3425.9333 | E37: =C37-'[1]Hrs. Summary'!C37 -> #REF! | F37: =SUM(C28:C37) -> #REF! | H37: 12 | I37: 4 | J37: 2
B38: TOD | C38: =ToD!CI20 -> 77.25 | D38: =C38*$O$9 -> 4017 | E38: =C38-'[1]Hrs. Summary'!C38 -> #REF! | H38: TOD | I38: 5 | J38: 2
B39: Total Trips | C39: TOTAL HOURS PER YEAR = | E39: =SUM(D28:D38) -> #REF! | I39: =SUM(I28:I38) -> 35 | J39: =SUM(J28:J38) -> 18
C40: Total Hours per Day | E40: =SUM(C28:C38) -> #REF!
B42: Sunday + Holiday Service
C43: Service Hours/Weekday | D43: Service Hours /Year | E43: Sunday Difference From Previous Master | I43: Peak | J43: Off Peak
B44: ROUTE | H44: ROUTE | I44: Buses
B45: 400 | C45: 0 | D45: =C45*($O$11) -> 0 | E45: =C45-'[1]Hrs. Summary'!C45 -> #REF! | H45: 400 | I45: 0 | J45: 0
B46: 100 | C46: ='100'!U119 -> 22.533333 | D46: =C46*($O$11) -> 1171.7333 | E46: =C46-'[1]Hrs. Summary'!C46 -> #REF! | H46: 100 | I46: 2 | J46: 2
B47: 101 | C47: ='101'!Q118 -> 22.333333 | D47: =C47*($O$11) -> 1161.3333 | E47: =C47-'[1]Hrs. Summary'!C47 -> #REF! | H47: 101 | I47: 2 | J47: 2
B48: 2 | C48: ='2'!W104 -> 26.683333 | D48: =C48*($O$11) -> 1387.5333 | E48: =C48-'[1]Hrs. Summary'!C48 -> #REF! | H48: 2 | I48: 2 | J48: 1
B49: 7 | C49: ='7'!AD98 -> 24.883333 | D49: =C49*($O$11) -> 1293.9333 | E49: =C49-'[1]Hrs. Summary'!C49 -> #REF! | H49: 7 | I49: 4 | J49: 2
B50: 8A | C50: ='8A'!AH107 -> 32.916667 | D50: =C50*($O$11) -> 1711.6667 | E50: =C50-'[1]Hrs. Summary'!C50 -> #REF! | H50: 8A | I50: 5 | J50: 2.5
B51: 8B | C51: ='8B'!AI105 -> 32.483333 | D51: =C51*($O$11) -> 1689.1333 | E51: =C51-'[1]Hrs. Summary'!C51 -> #REF! | H51: 8B | I51: 5 | J51: 2.5
B52: 10 | C52: ='10'!Q99 -> 14.916667 | D52: =C52*($O$11) -> 775.66667 | E52: =C52-'[1]Hrs. Summary'!C52 -> #REF! | H52: 10 | I52: 2 | J52: 1
B53: 11 | C53: =#REF! -> #REF! | D53: =C53*($O$11) -> #REF! | E53: =C53-'[1]Hrs. Summary'!C53 -> #REF! | F53: just routes | H53: 11 | I53: 2 | J53: 1
B54: 12 | C54: ='12'!AH100 -> 29.016667 | D54: =C54*($O$11) -> 1508.8667 | E54: =C54-'[1]Hrs. Summary'!C54 -> #REF! | F54: =SUM(C45:C54) -> #REF! | H54: 12 | I54: 4 | J54: 2
B55: TOD | C55: =ToD!CI29 -> 57 | D55: =C55*($O$11) -> 2964 | E55: =C55-'[1]Hrs. Summary'!C55 -> #REF! | H55: TOD | I55: 4 | J55: 2
B56: Total Trips | C56: TOTAL HOURS PER YEAR = | E56: =SUM(D45:D55) -> #REF! | I56: =SUM(I45:I55) -> 32 | J56: =SUM(J45:J55) -> 18
C57: Total Hours per Day | E57: =SUM(C45:C55) -> #REF!
C71: MVT Deliverable Schedule
C72: Send over May - June ToD Hours | D72: January 11th
C73: Send over draft Master | D73: January 19th

Sheet 400
A1: Weekday | C1: 400 North | I1: 400 South
G2: Arrive | I2: DEPART | M2: Arrive | O2: DEPART
B3: Stop Name | C3: Park Place | D3: Veteran's at Essa | E3: Rose at Highway 400 | F3: Georgian at Governors | G3: RVH | H3: R | I3: RVH | J3: Georgian College | K3: Bayfield at Highway 400 | L3: Veteran's at Essa | M3: Park Place | N3: R | O3: Park Place
B4: Stop ID | C4: 777 | D4: 662 | E4: 63 | F4: 329 | G4: 612 | I4: 612 | J4: 330 | K4: 62 | L4: 847 | M4: 777 | O4: 777 | P4: Travel Time | Q4: Cycle Time | R4: R | S4: R Ratio | T4: Frequency
B5: Morning | I5: 0.28472222 | J5: 0.2875 | K5: 0.29166667 | L5: 0.29722222 | M5: 0.30208333 | N5: 5 | O5: 0.30555556 | P5: =Q5-R5 -> 25 | Q5: =(O5-I5)*1440 -> 30 | R5: =N5+H5 -> 5 | S5: =R5/P5 -> 0.2
B6: Morning | C6: 0.28472222 | D6: 0.28888889 | E6: 0.29583333 | F6: 0.29861111 | G6: 0.3 | H6: 6 | I6: 0.30416667 | J6: 0.30694444 | K6: 0.31111111 | L6: 0.31666667 | M6: 0.32152778 | N6: 7 | O6: 0.32638889 | P6: =Q6-R6 -> 47 | Q6: =(O6-C6)*1440 -> 60 | R6: =N6+H6 -> 13 | S6: =R6/P6 -> 0.27659574 | T6: =(O6-O5)*1440 -> 30
B7: Morning | C7: 0.30555556 | D7: 0.30972222 | E7: 0.31666667 | F7: 0.31944444 | G7: 0.32083333 | H7: 6 | I7: 0.325 | J7: 0.32777778 | K7: 0.33194444 | L7: 0.3375 | M7: 0.34236111 | N7: 7 | O7: 0.34722222 | P7: =Q7-R7 -> 47 | Q7: =(O7-C7)*1440 -> 60 | R7: =N7+H7 -> 13 | S7: =R7/P7 -> 0.27659574 | T7: =(O7-O6)*1440 -> 30
B8: Morning | C8: 0.32638889 | D8: 0.33055556 | E8: 0.3375 | F8: 0.34027778 | G8: 0.34166667 | H8: 9 | I8: 0.34791667 | J8: 0.35069444 | K8: 0.35486111 | L8: 0.36041667 | M8: 0.36527778 | N8: 4 | O8: 0.36805556 | P8: =Q8-R8 -> 47 | Q8: =(O8-C8)*1440 -> 60 | R8: =N8+H8 -> 13 | S8: =R8/P8 -> 0.27659574 | T8: =(O8-O7)*1440 -> 30
B9: Morning | C9: 0.34722222 | D9: 0.35138889 | E9: 0.35833333 | F9: 0.36111111 | G9: 0.3625 | H9: 9 | I9: 0.36875 | J9: 0.37152778 | K9: 0.37569444 | L9: 0.38125 | M9: 0.38611111 | N9: 4 | O9: 0.38888889 | P9: =Q9-R9 -> 47 | Q9: =(O9-C9)*1440 -> 60 | R9: =N9+H9 -> 13 | S9: =R9/P9 -> 0.27659574 | T9: =(O9-O8)*1440 -> 30
B10: Morning | C10: 0.36805556 | D10: 0.37222222 | E10: 0.37916667 | F10: 0.38194444 | G10: 0.38333333 | H10: 9 | I10: 0.38958333 | J10: 0.39236111 | K10: 0.39652778 | L10: 0.40208333 | M10: 0.40694444 | N10: 4 | O10: 0.40972222 | P10: =Q10-R10 -> 47 | Q10: =(O10-C10)*1440 -> 60 | R10: =N10+H10 -> 13 | S10: =R10/P10 -> 0.27659574 | T10: =(O10-O9)*1440 -> 30
B11: Morning | C11: 0.38888889 | D11: 0.39305556 | E11: 0.4 | F11: 0.40277778 | G11: 0.40416667 | H11: 9 | I11: 0.41041667 | J11: 0.41319444 | K11: 0.41736111 | L11: 0.42291667 | M11: 0.42777778 | N11: 4 | O11: 0.43055556 | P11: =Q11-R11 -> 47 | Q11: =(O11-C11)*1440 -> 60 | R11: =N11+H11 -> 13 | S11: =R11/P11 -> 0.27659574 | T11: =(O11-O10)*1440 -> 30
B12: Morning | C12: 0.40972222 | D12: 0.41388889 | E12: 0.42083333 | F12: 0.42361111 | G12: 0.425 | H12: 9 | I12: 0.43125 | J12: 0.43402778 | K12: 0.43819444 | L12: 0.44375 | M12: 0.44861111 | N12: 4 | O12: 0.45138889 | P12: =Q12-R12 -> 47 | Q12: =(O12-C12)*1440 -> 60 | R12: =N12+H12 -> 13 | S12: =R12/P12 -> 0.27659574 | T12: =(O12-O11)*1440 -> 30
B13: Morning | C13: 0.43055556 | D13: 0.43472222 | E13: 0.44166667 | F13: 0.44444444 | G13: 0.44583333 | H13: 9 | I13: 0.45208333 | J13: 0.45486111 | K13: 0.45902778 | L13: 0.46458333 | M13: 0.46944444 | N13: 4 | O13: 0.47222222 | P13: =Q13-R13 -> 47 | Q13: =(O13-C13)*1440 -> 60 | R13: =N13+H13 -> 13 | S13: =R13/P13 -> 0.27659574 | T13: =(O13-O12)*1440 -> 30
B14: Morning | C14: 0.45138889 | D14: 0.45555556 | E14: 0.4625 | F14: 0.46527778 | G14: 0.46666667 | H14: 8 | I14: 0.47222222 | J14: 0.475 | K14: 0.47916667 | L14: 0.48472222 | M14: 0.48958333 | N14: 5 | O14: 0.49305556 | P14: =Q14-R14 -> 47 | Q14: =(O14-C14)*1440 -> 60 | R14: =N14+H14 -> 13 | S14: =R14/P14 -> 0.27659574 | T14: =(O14-O13)*1440 -> 30
B15: Midday | C15: 0.47222222 | D15: 0.47708333 | E15: 0.48472222 | F15: 0.4875 | G15: 0.48888889 | H15: 6 | I15: 0.49305556 | J15: 0.49583333 | K15: 0.5 | L15: 0.50625 | M15: 0.51111111 | N15: 4 | O15: 0.51388889 | P15: =Q15-R15 -> 50 | Q15: =(O15-C15)*1440 -> 60 | R15: =N15+H15 -> 10 | S15: =R15/P15 -> 0.2 | T15: =(O15-O14)*1440 -> 30
B16: Midday | C16: 0.49305556 | D16: 0.49791667 | E16: 0.50555556 | F16: 0.50833333 | G16: 0.50972222 | H16: 6 | I16: 0.51388889 | J16: 0.51666667 | K16: 0.52083333 | L16: 0.52708333 | M16: 0.53194444 | N16: 4 | O16: 0.53472222 | P16: =Q16-R16 -> 50 | Q16: =(O16-C16)*1440 -> 60 | R16: =N16+H16 -> 10 | S16: =R16/P16 -> 0.2 | T16: =(O16-O15)*1440 -> 30
B17: Midday | C17: 0.51388889 | D17: 0.51875 | E17: 0.52638889 | F17: 0.52916667 | G17: 0.53055556 | H17: 6 | I17: 0.53472222 | J17: 0.5375 | K17: 0.54166667 | L17: 0.54791667 | M17: 0.55277778 | N17: 4 | O17: 0.55555556 | P17: =Q17-R17 -> 50 | Q17: =(O17-C17)*1440 -> 60 | R17: =N17+H17 -> 10 | S17: =R17/P17 -> 0.2 | T17: =(O17-O16)*1440 -> 30
... B26: Evening | C26: 0.70138889 | D26: 0.70694444 | E26: 0.71388889 | F26: 0.71666667 | G26: 0.71805556 | H26: 6 | I26: 0.72222222 | J26: 0.725 | K26: 0.72916667 | L26: 0.73541667 | M26: 0.74027778 | N26: 4 | O26: 0.74305556 | P26: =Q26-R26 -> 50 | Q26: =(O26-C26)*1440 -> 60 | R26: =N26+H26 -> 10 | S26: =R26/P26 -> 0.2 | T26: =(O26-O25)*1440 -> 30
B27: Evening | C27: 0.72222222 | D27: 0.72777778 | E27: 0.73472222 | F27: 0.7375 | G27: 0.73888889 | H27: 6 | I27: 0.74305556 | J27: 0.74583333 | K27: 0.75 | L27: 0.75625 | M27: 0.76111111 | N27: 0 | O27: Block Ends | P27: =Q27-R27 -> 50 | Q27: =(M27-C27)*1440 -> 56 | R27: =N27+H27 -> 6 | S27: =R27/P27 -> 0.12 | T27: =(M27-M26)*1440 -> 30
B28: Evening | C28: 0.74305556 | D28: 0.74861111 | E28: 0.75555556 | F28: 0.75833333 | G28: 0.75972222 | H28: 6 | I28: 0.76388889 | J28: 0.76666667 | K28: 0.77083333 | L28: 0.77708333 | M28: 0.78194444 | N28: 0 | O28: Block Ends | P28: =Q28-R28 -> 50 | Q28: =(M28-C28)*1440 -> 56 | R28: =N28+H28 -> 6 | S28: =R28/P28 -> 0.12 | T28: =(M28-M27)*1440 -> 30
M29: Service Hours | P29: =SUM(P5:P28)/60 -> 19.133333 | Q29: =SUM(Q5:Q28)/60 -> 23.366667 | R29: =SUM(R5:R28)/60 -> 4.2333333
A31: Saturday | C31: 400 North | I31: 400 South
G32: Arrive | I32: DEPART | M32: Arrive | O32: DEPART
B33: Stop Name | C33: Park Place | D33: Veteran's at Essa | E33: Rose at Highway 400 | F33: Georgian at Governors | G33: RVH | H33: R | I33: RVH | J33: Georgian College | K33: Bayfield at Highway 400 | L33: Veteran's at Essa | M33: Park Place | N33: R | O33: Park Place
B34: Stop ID | C34: 777 | D34: 662 | E34: 63 | F34: 329 | G34: 612 | I34: 612 | J34: 330 | K34: 62 | L34: 847 | M34: 777 | O34: 777 | P34: Travel Time | Q34: Cycle Time | R34: R | S34: R Ratio | T34: Frequency
B35: Morning | I35: 0.36805556 | J35: 0.37083333 | K35: 0.375 | L35: 0.38055556 | M35: 0.38541667 | N35: 5 | O35: 0.38888889 | P35: =Q35-R35 -> 25 | Q35: =(O35-I35)*1440 -> 30 | R35: =N35+H35 -> 5 | S35: =R35/P35 -> 0.2
B36: Morning | C36: 0.36805556 | D36: 0.37222222 | E36: 0.37916667 | F36: 0.38194444 | G36: 0.38333333 | H36: 9 | I36: 0.38958333 | J36: 0.39236111 | K36: 0.39652778 | L36: 0.40208333 | M36: 0.40694444 | N36: 4 | O36: 0.40972222 | P36: =Q36-R36 -> 47 | Q36: =(O36-C36)*1440 -> 60 | R36: =N36+H36 -> 13 | S36: =R36/P36 -> 0.27659574 | T36: =(O36-O35)*1440 -> 30
B37: Morning | C37: 0.38888889 | D37: 0.39305556 | E37: 0.4 | F37: 0.40277778 | G37: 0.40416667 | H37: 9 | I37: 0.41041667 | J37: 0.41319444 | K37: 0.41736111 | L37: 0.42291667 | M37: 0.42777778 | N37: 4 | O37: 0.43055556 | P37: =Q37-R37 -> 47 | Q37: =(O37-C37)*1440 -> 60 | R37: =N37+H37 -> 13 | S37: =R37/P37 -> 0.27659574 | T37: =(O37-O36)*1440 -> 30
B38: Morning | C38: 0.40972222 | D38: 0.41388889 | E38: 0.42083333 | F38: 0.42361111 | G38: 0.425 | H38: 9 | I38: 0.43125 | J38: 0.43402778 | K38: 0.43819444 | L38: 0.44375 | M38: 0.44861111 | N38: 4 | O38: 0.45138889 | P38: =Q38-R38 -> 47 | Q38: =(O38-C38)*1440 -> 60 | R38: =N38+H38 -> 13 | S38: =R38/P38 -> 0.27659574 | T38: =(O38-O37)*1440 -> 30
B39: Morning | C39: 0.43055556 | D39: 0.43472222 | E39: 0.44166667 | F39: 0.44444444 | G39: 0.44583333 | H39: 9 | I39: 0.45208333 | J39: 0.45486111 | K39: 0.45902778 | L39: 0.46458333 | M39: 0.46944444 | N39: 4 | O39: 0.47222222 | P39: =Q39-R39 -> 47 | Q39: =(O39-C39)*1440 -> 60 | R39: =N39+H39 -> 13 | S39: =R39/P39 -> 0.27659574 | T39: =(O39-O38)*1440 -> 30
B40: Morning | C40: 0.45138889 | D40: 0.45555556 | E40: 0.4625 | F40: 0.46527778 | G40: 0.46666667 | H40: 8 | I40: 0.47222222 | J40: 0.475 | K40: 0.47916667 | L40: 0.48472222 | M40: 0.48958333 | N40: 5 | O40: 0.49305556 | P40: =Q40-R40 -> 47 | Q40: =(O40-C40)*1440 -> 60 | R40: =N40+H40 -> 13 | S40: =R40/P40 -> 0.27659574 | T40: =(O40-O39)*1440 -> 30
B41: Midday | C41: 0.47222222 | D41: 0.47708333 | E41: 0.48472222 | F41: 0.4875 | G41: 0.48888889 | H41: 6 | I41: 0.49305556 | J41: 0.49583333 | K41: 0.5 | L41: 0.50625 | M41: 0.51111111 | N41: 4 | O41: 0.51388889 | P41: =Q41-R41 -> 50 | Q41: =(O41-C41)*1440 -> 60 | R41: =N41+H41 -> 10 | S41: =R41/P41 -> 0.2 | T41: =(O41-O40)*1440 -> 30
B42: Midday | C42: 0.49305556 | D42: 0.49791667 | E42: 0.50555556 | F42: 0.50833333 | G42: 0.50972222 | H42: 6 | I42: 0.51388889 | J42: 0.51666667 | K42: 0.52083333 | L42: 0.52708333 | M42: 0.53194444 | N42: 4 | O42: 0.53472222 | P42: =Q42-R42 -> 50 | Q42: =(O42-C42)*1440 -> 60 | R42: =N42+H42 -> 10 | S42: =R42/P42 -> 0.2 | T42: =(O42-O41)*1440 -> 30
B43: Midday | C43: 0.51388889 | D43: 0.51875 | E43: 0.52638889 | F43: 0.52916667 | G43: 0.53055556 | H43: 6 | I43: 0.53472222 | J43: 0.5375 | K43: 0.54166667 | L43: 0.54791667 | M43: 0.55277778 | N43: 4 | O43: 0.55555556 | P43: =Q43-R43 -> 50 | Q43: =(O43-C43)*1440 -> 60 | R43: =N43+H43 -> 10 | S43: =R43/P43 -> 0.2 | T43: =(O43-O42)*1440 -> 30
B44: Midday | C44: 0.53472222 | D44: 0.53958333 | E44: 0.54722222 | F44: 0.55 | G44: 0.55138889 | H44: 6 | I44: 0.55555556 | J44: 0.55833333 | K44: 0.5625 | L44: 0.56875 | M44: 0.57361111 | N44: 4 | O44: 0.57638889 | P44: =Q44-R44 -> 50 | Q44: =(O44-C44)*1440 -> 60 | R44: =N44+H44 -> 10 | S44: =R44/P44 -> 0.2 | T44: =(O44-O43)*1440 -> 30
B45: Midday | C45: 0.55555556 | D45: 0.56041667 | E45: 0.56805556 | F45: 0.57083333 | G45: 0.57222222 | H45: 6 | I45: 0.57638889 | J45: 0.57916667 | K45: 0.58333333 | L45: 0.58958333 | M45: 0.59444444 | N45: 4 | O45: 0.59722222 | P45: =Q45-R45 -> 50 | Q45: =(O45-C45)*1440 -> 60 | R45: =N45+H45 -> 10 | S45: =R45/P45 -> 0.2 | T45: =(O45-O44)*1440 -> 30
B46: Midday | C46: 0.57638889 | D46: 0.58125 | E46: 0.58888889 | F46: 0.59166667 | G46: 0.59305556 | H46: 6 | I46: 0.59722222 | J46: 0.6 | K46: 0.60416667 | L46: 0.61041667 | M46: 0.61527778 | N46: 4 | O46: 0.61805556 | P46: =Q46-R46 -> 50 | Q46: =(O46-C46)*1440 -> 60 | R46: =N46+H46 -> 10 | S46: =R46/P46 -> 0.2 | T46: =(O46-O45)*1440 -> 30
B47: Evening | C47: 0.59722222 | D47: 0.60277778 | E47: 0.60972222 | F47: 0.6125 | G47: 0.61388889 | H47: 6 | I47: 0.61805556 | J47: 0.62083333 | K47: 0.625 | L47: 0.63125 | M47: 0.63611111 | N47: 4 | O47: 0.63888889 | P47: =Q47-R47 -> 50 | Q47: =(O47-C47)*1440 -> 60 | R47: =N47+H47 -> 10 | S47: =R47/P47 -> 0.2 | T47: =(O47-O46)*1440 -> 30
... B52: Evening | C52: 0.70138889 | D52: 0.70694444 | E52: 0.71388889 | F52: 0.71666667 | G52: 0.71805556 | H52: 6 | I52: 0.72222222 | J52: 0.725 | K52: 0.72916667 | L52: 0.73541667 | M52: 0.74027778 | N52: 4 | O52: 0.74305556 | P52: =Q52-R52 -> 50 | Q52: =(O52-C52)*1440 -> 60 | R52: =N52+H52 -> 10 | S52: =R52/P52 -> 0.2 | T52: =(O52-O51)*1440 -> 30
B53: Evening | C53: 0.72222222 | D53: 0.72777778 | E53: 0.73472222 | F53: 0.7375 | G53: 0.73888889 | H53: 6 | I53: 0.74305556 | J53: 0.74583333 | K53: 0.75 | L53: 0.75625 | M53: 0.76111111 | N53: 0 | O53: Block Ends | P53: =Q53-R53 -> 50 | Q53: =(M53-C53)*1440 -> 56 | R53: =N53+H53 -> 6 | S53: =R53/P53 -> 0.12 | T53: =(M53-M52)*1440 -> 30
B54: Evening | C54: 0.74305556 | D54: 0.74861111 | E54: 0.75555556 | F54: 0.75833333 | G54: 0.75972222 | H54: 6 | I54: 0.76388889 | J54: 0.76666667 | K54: 0.77083333 | L54: 0.77708333 | M54: 0.78194444 | N54: 0 | O54: Block Ends | P54: =Q54-R54 -> 50 | Q54: =(M54-C54)*1440 -> 56 | R54: =N54+H54 -> 6 | S54: =R54/P54 -> 0.12 | T54: =(M54-M53)*1440 -> 30
M55: Service Hours | P55: =SUM(P32:P54)/60 -> 16 | Q55: =SUM(Q35:Q54)/60 -> 19.366667 | R55: =SUM(R32:R54)/60 -> 3.3666667

Sheet 100
A1: Weekday | C1: Route | D1: 100 - Red
C2: DEPART | D2: ARRIVE | E2: ARRIVE | G2: DEPART | H2: ARRIVE | J2: DEPART | K2: ARRIVE | M2: DEPART | N2: ARRIVE | P2: DEPART | Q2: ARRIVE | S2: DEPART
B3: Stop Name | C3: Downtown | D3: Bayfield at Highway 400 | E3: Georgian Mall | G3: Georgian Mall | H3: Georgian College | J3: Georgian College | K3: RVH | M3: RVH | N3: Johnson at Blake | P3: Johnson at Blake | Q3: Downtown | S3: Downtown
B4: Stop ID | C4: 1 | D4: 57 | E4: 441 | F4: R | G4: 441 | H4: 330 | I4: R | J4: 330 | K4: 559 | L4: R | M4: 559 | N4: 399 | O4: R | P4: 399 | Q4: 1 | R4: R | S4: 1 | T4: Travel Time | U4: Cycle Time | V4: R | W4: R Ratio | X4: Frequency
B5: Early Morning | C5: 0.29583333 | D5: 0.3 | E5: 0.30416667 | F5: 1 | G5: 0.30486111 | H5: 0.3125 | I5: 0 | J5: 0.3125 | K5: 0.31388889 | L5: 0 | M5: 0.31388889 | N5: 0.31875 | O5: 0 | P5: 0.31875 | Q5: 0.325 | R5: 6 | S5: 0.32916667 | T5: 41 | U5: 48 | V5: 7 | W5: 0.17073171 | Z5: Headway Management
B6: Morning | C6: 0.30902778 | D6: 0.31319444 | E6: 0.31736111 | F6: 1 | G6: 0.31805556 | H6: 0.32638889 | I6: 0 | J6: 0.32638889 | K6: 0.32777778 | L6: 0 | M6: 0.32777778 | N6: 0.33333333 | O6: 0 | P6: 0.33333333 | Q6: 0.33958333 | R6: 7 | S6: 0.34444444 | T6: 43 | U6: 51 | V6: 8 | W6: 0.18604651 | X6: 22 | Z6: Dt Connection
B7: Morning | C7: 0.32916667 | D7: 0.33333333 | E7: 0.3375 | F7: 1 | G7: 0.33819444 | H7: 0.34652778 | I7: 0 | J7: 0.34652778 | K7: 0.34791667 | L7: 0 | M7: 0.34791667 | N7: 0.35347222 | O7: 0 | P7: 0.35347222 | Q7: 0.35972222 | R7: 5 | S7: 0.36319444 | T7: 43 | U7: 49 | V7: 6 | W7: 0.13953488 | X7: 27 | Z7: 400 Connection
B8: Morning | C8: 0.34444444 | D8: 0.34861111 | E8: 0.35277778 | F8: 1 | G8: 0.35347222 | H8: 0.36180556 | I8: 0 | J8: 0.36180556 | K8: 0.36319444 | L8: 0 | M8: 0.36319444 | N8: 0.36875 | O8: 0 | P8: 0.36875 | Q8: 0.375 | R8: 7 | S8: 0.37986111 | T8: 43 | U8: 51 | V8: 8 | W8: 0.18604651 | X8: 24 | Z8: GC Connection
B9: Morning | C9: 0.36319444 | D9: 0.36736111 | E9: 0.37152778 | F9: 1 | G9: 0.37222222 | H9: 0.38055556 | I9: 0 | J9: 0.38055556 | K9: 0.38194444 | L9: 0 | M9: 0.38194444 | N9: 0.3875 | O9: 0 | P9: 0.3875 | Q9: 0.39375 | R9: 5 | S9: 0.39722222 | T9: 43 | U9: 49 | V9: 6 | W9: 0.13953488 | X9: 25 | Z9: GO Train
B10: Morning | C10: 0.37986111 | D10: 0.38402778 | E10: 0.38819444 | F10: 1 | G10: 0.38888889 | H10: 0.39722222 | I10: 0 | J10: 0.39722222 | K10: 0.39861111 | L10: 0 | M10: 0.39861111 | N10: 0.40416667 | O10: 0 | P10: 0.40416667 | Q10: 0.41041667 | R10: 5 | S10: 0.41388889 | T10: 43 | U10: 49 | V10: 6 | W10: 0.13953488 | X10: 24 | Z10: Bayfield Shift Times
B11: Morning | C11: 0.39722222 | D11: 0.40138889 | E11: 0.40555556 | F11: 1 | G11: 0.40625 | H11: 0.41458333 | I11: 0 | J11: 0.41458333 | K11: 0.41597222 | L11: 0 | M11: 0.41597222 | N11: 0.42152778 | O11: 0 | P11: 0.42152778 | Q11: 0.42777778 | R11: 5 | S11: 0.43125 | T11: 43 | U11: 49 | V11: 6 | W11: 0.13953488 | X11: 25 | Z11: Ridership Med (Over 40)
B12: Morning | C12: 0.41388889 | D12: 0.41805556 | E12: 0.42222222 | F12: 1 | G12: 0.42291667 | H12: 0.43125 | I12: 0 | J12: 0.43125 | K12: 0.43263889 | L12: 0 | M12: 0.43263889 | N12: 0.43819444 | O12: 0 | P12: 0.43819444 | Q12: 0.44444444 | R12: 5 | S12: 0.44791667 | T12: 43 | U12: 49 | V12: 6 | W12: 0.13953488 | X12: 24 | Z12: Ridership High (Over 50)
B13: Midday | C13: 0.43125 | D13: 0.43541667 | E13: 0.43958333 | F13: 1 | G13: 0.44027778 | H13: 0.44861111 | I13: 0 | J13: 0.44861111 | K13: 0.45 | L13: 0 | M13: 0.45 | N13: 0.45555556 | O13: 0 | P13: 0.45555556 | Q13: 0.46180556 | R13: 5 | S13: 0.46527778 | T13: 43 | U13: 49 | V13: 6 | W13: 0.13953488 | X13: 25
B14: Midday | C14: 0.44791667 | D14: 0.45208333 | E14: 0.45625 | F14: 1 | G14: 0.45694444 | H14: 0.46527778 | I14: 0 | J14: 0.46527778 | K14: 0.46666667 | L14: 0 | M14: 0.46666667 | N14: 0.47222222 | O14: 0 | P14: 0.47222222 | Q14: 0.47847222 | R14: 5 | S14: 0.48194444 | T14: 43 | U14: 49 | V14: 6 | W14: 0.13953488 | X14: 24
B15: Midday | C15: 0.46527778 | D15: 0.46944444 | E15: 0.47361111 | F15: 1 | G15: 0.47430556 | H15: 0.48263889 | I15: 0 | J15: 0.48263889 | K15: 0.48402778 | L15: 0 | M15: 0.48402778 | N15: 0.48958333 | O15: 0 | P15: 0.48958333 | Q15: 0.49583333 | R15: 5 | S15: 0.49930556 | T15: 43 | U15: 49 | V15: 6 | W15: 0.13953488 | X15: 25
B16: Midday | C16: 0.48194444 | D16: 0.48611111 | E16: 0.49027778 | F16: 1 | G16: 0.49097222 | H16: 0.49930556 | I16: 0 | J16: 0.49930556 | K16: 0.50069444 | L16: 0 | M16: 0.50069444 | N16: 0.50625 | O16: 0 | P16: 0.50625 | Q16: 0.5125 | R16: 5 | S16: 0.51597222 | T16: 43 | U16: 49 | V16: 6 | W16: 0.13953488 | X16: 24
B17: Midday | C17: 0.49930556 | D17: 0.50347222 | E17: 0.50763889 | F17: 1 | G17: 0.50833333 | H17: 0.51666667 | I17: 0 | J17: 0.51666667 | K17: 0.51805556 | L17: 0 | M17: 0.51805556 | N17: 0.52361111 | O17: 0 | P17: 0.52361111 | Q17: 0.52986111 | R17: 5 | S17: 0.53333333 | T17: 43 | U17: 49 | V17: 6 | W17: 0.13953488 | X17: 25
B18: Midday | C18: 0.51597222 | D18: 0.52013889 | E18: 0.52430556 | F18: 1 | G18: 0.525 | H18: 0.53333333 | I18: 0 | J18: 0.53333333 | K18: 0.53472222 | L18: 0 | M18: 0.53472222 | N18: 0.54027778 | O18: 0 | P18: 0.54027778 | Q18: 0.54652778 | R18: 6 | S18: 0.55069444 | T18: 43 | U18: 50 | V18: 7 | W18: 0.1627907 | X18: 25
B19: Peak | C19: 0.53333333 | D19: 0.5375 | E19: 0.54236111 | F19: 1 | G19: 0.54305556 | H19: 0.55138889 | I19: 0 | J19: 0.55138889 | K19: 0.55277778 | L19: 0 | M19: 0.55277778 | N19: 0.55902778 | O19: 0 | P19: 0.55902778 | Q19: 0.56527778 | R19: 5 | S19: 0.56875 | T19: 45 | U19: 51 | V19: 6 | W19: 0.13333333 | X19: 26
B20: Peak | C20: 0.55069444 | D20: 0.55486111 | E20: 0.55972222 | F20: 1 | G20: 0.56041667 | H20: 0.56875 | I20: 0 | J20: 0.56875 | K20: 0.57013889 | L20: 0 | M20: 0.57013889 | N20: 0.57638889 | O20: 0 | P20: 0.57638889 | Q20: 0.58263889 | R20: 5 | S20: 0.58611111 | T20: 45 | U20: 51 | V20: 6 | W20: 0.13333333 | X20: 25
B21: Peak | C21: 0.56875 | D21: 0.57291667 | E21: 0.57777778 | F21: 1 | G21: 0.57847222 | H21: 0.58680556 | I21: 0 | J21: 0.58680556 | K21: 0.58819444 | L21: 0 | M21: 0.58819444 | N21: 0.59444444 | O21: 0 | P21: 0.59444444 | Q21: 0.60069444 | R21: 5 | S21: 0.60416667 | T21: 45 | U21: 51 | V21: 6 | W21: 0.13333333 | X21: 26
B22: Peak | C22: 0.58611111 | D22: 0.59027778 | E22: 0.59513889 | F22: 1 | G22: 0.59583333 | H22: 0.60416667 | I22: 0 | J22: 0.60416667 | K22: 0.60555556 | L22: 0 | M22: 0.60555556 | N22: 0.61180556 | O22: 0 | P22: 0.61180556 | Q22: 0.61805556 | R22: 5 | S22: 0.62152778 | T22: 45 | U22: 51 | V22: 6 | W22: 0.13333333 | X22: 25
B23: Peak | C23: 0.60416667 | D23: 0.60833333 | E23: 0.61319444 | F23: 1 | G23: 0.61388889 | H23: 0.62222222 | I23: 0 | J23: 0.62222222 | K23: 0.62361111 | L23: 0 | M23: 0.62361111 | N23: 0.62986111 | O23: 0 | P23: 0.62986111 | Q23: 0.63611111 | R23: 5 | S23: 0.63958333 | T23: 45 | U23: 51 | V23: 6 | W23: 0.13333333 | X23: 26
B24: Midday | C24: 0.62152778 | D24: 0.62569444 | E24: 0.62986111 | F24: 1 | G24: 0.63055556 | H24: 0.63888889 | I24: 0 | J24: 0.63888889 | K24: 0.64027778 | L24: 0 | M24: 0.64027778 | N24: 0.64583333 | O24: 0 | P24: 0.64583333 | Q24: 0.65208333 | R24: 6 | S24: 0.65625 | T24: 43 | U24: 50 | V24: 7 | W24: 0.1627907 | X24: 24
... B39: Night | C39: 0.87013889 | D39: 0.87430556 | E39: 0.87777778 | F39: 1 | G39: 0.87847222 | H39: 0.88611111 | I39: 0 | J39: 0.88611111 | K39: 0.8875 | L39: 0 | M39: 0.8875 | N39: 0.89305556 | O39: 0 | P39: 0.89305556 | Q39: 0.89861111 | R39: 5 | S39: 0.90208333 | T39: 40 | U39: 46 | V39: 6 | W39: 0.15 | X39: 23
B40: Night | C40: 0.88611111 | D40: 0.89027778 | E40: 0.89375 | F40: 1 | G40: 0.89444444 | H40: 0.90208333 | I40: 0 | J40: 0.90208333 | K40: 0.90347222 | L40: 0 | M40: 0.90347222 | N40: 0.90902778 | O40: 0 | P40: 0.90902778 | Q40: 0.91458333 | T40: 40 | U40: 41 | V40: 1 | W40: 0.025 | X40: 23
B41: Night | C41: 0.90208333 | D41: 0.90625 | E41: 0.90972222 | F41: 1 | G41: 0.91041667 | H41: 0.91805556 | I41: 0 | J41: 0.91805556 | K41: 0.91944444 | L41: 0 | M41: 0.91944444 | N41: 0.925 | O41: 0 | P41: 0.925 | Q41: 0.93055556 | R41: 5 | S41: 0.93402778 | T41: 40 | U41: 46 | V41: 6 | W41: 0.15 | X41: 23
B42: Night | C42: 0.93402778 | D42: 0.93819444 | E42: 0.94166667 | F42: 1 | G42: 0.94236111 | H42: 0.95 | I42: 0 | J42: 0.95 | K42: 0.95138889 | L42: 0 | M42: 0.95138889 | N42: 0.95694444 | O42: 0 | P42: 0.95694444 | Q42: 0.9625 | T42: 40 | U42: 41 | V42: 1 | W42: 0.025 | X42: 46
Q43: Service Hours | T43: 26.1 | U43: =SUM(U5:U42)/60 -> 30.533333 | V43: 3.6333333 | W43: 0.13920817
A44: Saturday
C45: Route | D45: 100 - Red
C46: DEPART | D46: ARRIVE | E46: ARRIVE | G46: DEPART | H46: ARRIVE | J46: DEPART | K46: ARRIVE | M46: DEPART | N46: ARRIVE | P46: DEPART | Q46: ARRIVE | S46: DEPART
B47: Stop Name | C47: Downtown | D47: Bayfield at Highway 400 | E47: Georgian Mall | G47: Georgian Mall | H47: Georgian College | J47: Georgian College | K47: RVH | M47: RVH | N47: Johnson at Blake | P47: Johnson at Blake | Q47: Downtown | S47: Downtown
B48: Stop ID | C48: 1 | D48: 57 | E48: 441 | F48: R | G48: 441 | H48: 330 | I48: R | J48: 330 | K48: 559 | L48: R | M48: 559 | N48: 399 | O48: R | P48: 399 | Q48: 1 | R48: R | S48: 1 | T48: Travel Time | U48: Cycle Time | V48: R | W48: R Ratio | X48: Frequency
B49: Morning | C49: 0.31944444 | D49: 0.32361111 | E49: 0.32777778 | F49: 1 | G49: 0.32847222 | H49: 0.33680556 | I49: 0 | J49: 0.33680556 | K49: 0.33819444 | L49: 0 | M49: 0.33819444 | N49: 0.34375 | O49: 0 | P49: 0.34375 | Q49: 0.35 | R49: 5 | S49: 0.35347222 | T49: 43 | U49: 49 | V49: 6 | W49: 0.13953488
B50: Morning | C50: 0.33611111 | D50: 0.34027778 | E50: 0.34444444 | F50: 1 | G50: 0.34513889 | H50: 0.35347222 | I50: 0 | J50: 0.35347222 | K50: 0.35486111 | L50: 0 | M50: 0.35486111 | N50: 0.36041667 | O50: 0 | P50: 0.36041667 | Q50: 0.36666667 | R50: 5 | S50: 0.37013889 | T50: 43 | U50: 49 | V50: 6 | W50: 0.13953488 | X50: 24
B51: Morning | C51: 0.35347222 | D51: 0.35763889 | E51: 0.36180556 | F51: 1 | G51: 0.3625 | H51: 0.37083333 | I51: 0 | J51: 0.37083333 | K51: 0.37222222 | L51: 0 | M51: 0.37222222 | N51: 0.37777778 | O51: 0 | P51: 0.37777778 | Q51: 0.38402778 | R51: 5 | S51: 0.3875 | T51: 43 | U51: 49 | V51: 6 | W51: 0.13953488 | X51: 25
B52: Morning | C52: 0.37013889 | D52: 0.37430556 | E52: 0.37847222 | F52: 1 | G52: 0.37916667 | H52: 0.3875 | I52: 0 | J52: 0.3875 | K52: 0.38888889 | L52: 0 | M52: 0.38888889 | N52: 0.39444444 | O52: 0 | P52: 0.39444444 | Q52: 0.40069444 | R52: 5 | S52: 0.40416667 | T52: 43 | U52: 49 | V52: 6 | W52: 0.13953488 | X52: 24
B53: Morning | C53: 0.3875 | D53: 0.39166667 | E53: 0.39583333 | F53: 1 | G53: 0.39652778 | H53: 0.40486111 | I53: 0 | J53: 0.40486111 | K53: 0.40625 | L53: 0 | M53: 0.40625 | N53: 0.41180556 | O53: 0 | P53: 0.41180556 | Q53: 0.41805556 | R53: 5 | S53: 0.42152778 | T53: 43 | U53: 49 | V53: 6 | W53: 0.13953488 | X53: 25
B54: Morning | C54: 0.40416667 | D54: 0.40833333 | E54: 0.4125 | F54: 1 | G54: 0.41319444 | H54: 0.42152778 | I54: 0 | J54: 0.42152778 | K54: 0.42291667 | L54: 0 | M54: 0.42291667 | N54: 0.42847222 | O54: 0 | P54: 0.42847222 | Q54: 0.43472222 | R54: 5 | S54: 0.43819444 | T54: 43 | U54: 49 | V54: 6 | W54: 0.13953488 | X54: 24
B55: Morning | C55: 0.42152778 | D55: 0.42569444 | E55: 0.42986111 | F55: 1 | G55: 0.43055556 | H55: 0.43888889 | I55: 0 | J55: 0.43888889 | K55: 0.44027778 | L55: 0 | M55: 0.44027778 | N55: 0.44583333 | O55: 0 | P55: 0.44583333 | Q55: 0.45208333 | R55: 5 | S55: 0.45555556 | T55: 43 | U55: 49 | V55: 6 | W55: 0.13953488 | X55: 25
B56: Morning | C56: 0.43819444 | D56: 0.44236111 | E56: 0.44652778 | F56: 1 | G56: 0.44722222 | H56: 0.45555556 | I56: 0 | J56: 0.45555556 | K56: 0.45694444 | L56: 0 | M56: 0.45694444 | N56: 0.4625 | O56: 0 | P56: 0.4625 | Q56: 0.46875 | R56: 5 | S56: 0.47222222 | T56: 43 | U56: 49 | V56: 6 | W56: 0.13953488 | X56: 24
B57: Morning | C57: 0.45555556 | D57: 0.45972222 | E57: 0.46388889 | F57: 1 | G57: 0.46458333 | H57: 0.47291667 | I57: 0 | J57: 0.47291667 | K57: 0.47430556 | L57: 0 | M57: 0.47430556 | N57: 0.47986111 | O57: 0 | P57: 0.47986111 | Q57: 0.48611111 | R57: 5 | S57: 0.48958333 | T57: 43 | U57: 49 | V57: 6 | W57: 0.13953488 | X57: 25
B58: Morning | C58: 0.47222222 | D58: 0.47638889 | E58: 0.48055556 | F58: 1 | G58: 0.48125 | H58: 0.48958333 | I58: 0 | J58: 0.48958333 | K58: 0.49097222 | L58: 0 | M58: 0.49097222 | N58: 0.49652778 | O58: 0 | P58: 0.49652778 | Q58: 0.50277778 | R58: 5 | S58: 0.50625 | T58: 43 | U58: 49 | V58: 6 | W58: 0.13953488 | X58: 24
B59: Midday | C59: 0.48958333 | D59: 0.49375 | E59: 0.49791667 | F59: 1 | G59: 0.49861111 | H59: 0.50694444 | I59: 0 | J59: 0.50694444 | K59: 0.50833333 | L59: 0 | M59: 0.50833333 | N59: 0.51388889 | O59: 0 | P59: 0.51388889 | Q59: 0.52013889 | R59: 5 | S59: 0.52361111 | T59: 43 | U59: 49 | V59: 6 | W59: 0.13953488 | X59: 25
B60: Midday | C60: 0.50625 | D60: 0.51041667 | E60: 0.51458333 | F60: 1 | G60: 0.51527778 | H60: 0.52361111 | I60: 0 | J60: 0.52361111 | K60: 0.525 | L60: 0 | M60: 0.525 | N60: 0.53055556 | O60: 0 | P60: 0.53055556 | Q60: 0.53680556 | R60: 5 | S60: 0.54027778 | T60: 43 | U60: 49 | V60: 6 | W60: 0.13953488 | X60: 24
B61: Midday | C61: 0.52361111 | D61: 0.52777778 | E61: 0.53194444 | F61: 1 | G61: 0.53263889 | H61: 0.54097222 | I61: 0 | J61: 0.54097222 | K61: 0.54236111 | L61: 0 | M61: 0.54236111 | N61: 0.54791667 | O61: 0 | P61: 0.54791667 | Q61: 0.55416667 | R61: 5 | S61: 0.55763889 | T61: 43 | U61: 49 | V61: 6 | W61: 0.13953488 | X61: 25
... B81: Night | C81: 0.86180556 | D81: 0.86597222 | E81: 0.86944444 | F81: 1 | G81: 0.87013889 | H81: 0.87777778 | I81: 0 | J81: 0.87777778 | K81: 0.87916667 | L81: 0 | M81: 0.87916667 | N81: 0.88472222 | O81: 0 | P81: 0.88472222 | Q81: 0.89027778 | R81: 6 | S81: 0.89444444 | T81: 40 | U81: 47 | V81: 7 | W81: 0.175 | X81: 22
B82: Night | C82: 0.87916667 | D82: 0.88333333 | E82: 0.88680556 | F82: 1 | G82: 0.8875 | H82: 0.89513889 | I82: 0 | J82: 0.89513889 | K82: 0.89652778 | L82: 0 | M82: 0.89652778 | N82: 0.90208333 | O82: 0 | P82: 0.90208333 | Q82: 0.90763889 | T82: 40 | U82: 41 | V82: 1 | W82: 0.025 | X82: 25
B83: Night | C83: 0.89444444 | D83: 0.89861111 | E83: 0.90208333 | F83: 1 | G83: 0.90277778 | H83: 0.91041667 | I83: 0 | J83: 0.91041667 | K83: 0.91180556 | L83: 0 | M83: 0.91180556 | N83: 0.91736111 | O83: 0 | P83: 0.91736111 | Q83: 0.92291667 | R83: 5 | S83: 0.92638889 | T83: 40 | U83: 46 | V83: 6 | W83: 0.15 | X83: 22
B84: Night | C84: 0.92638889 | D84: 0.93055556 | E84: 0.93402778 | F84: 1 | G84: 0.93472222 | H84: 0.94236111 | I84: 0 | J84: 0.94236111 | K84: 0.94375 | L84: 0 | M84: 0.94375 | N84: 0.94930556 | O84: 0 | P84: 0.94930556 | Q84: 0.95486111 | T84: 40 | U84: 41 | V84: 1 | W84: 0.025 | X84: 46
Q85: Service Hours | T85: 24.583333 | U85: 28.966667 | V85: 3.5666667 | W85: 0.14508475
A86: Sunday
C87: Route | D87: 100 - Red
C88: DEPART | D88: ARRIVE | E88: ARRIVE | G88: DEPART | H88: ARRIVE | J88: DEPART | K88: ARRIVE | M88: DEPART | N88: ARRIVE | P88: DEPART | Q88: ARRIVE | S88: DEPART
B89: Stop Name | C89: Downtown | D89: Bayfield at Highway 400 | E89: Georgian Mall | G89: Georgian Mall | H89: Georgian College | J89: Georgian College | K89: RVH | M89: RVH | N89: Johnson at Blake | P89: Johnson at Blake | Q89: Downtown | S89: Downtown
B90: Stop ID | C90: 1 | D90: 57 | E90: 441 | F90: R | G90: 441 | H90: 330 | I90: R | J90: 330 | K90: 559 | L90: R | M90: 559 | N90: 399 | O90: R | P90: 399 | Q90: 1 | R90: R | S90: 1 | T90: Travel Time | U90: Cycle Time | V90: R | W90: R Ratio | X90: Frequency
B91: Morning | C91: 0.32083333 | D91: 0.325 | E91: 0.32916667 | F91: 1 | G91: 0.32986111 | H91: 0.33819444 | I91: 0 | J91: 0.33819444 | K91: 0.33958333 | L91: 0 | M91: 0.33958333 | N91: 0.34513889 | O91: 0 | P91: 0.34513889 | Q91: 0.35138889 | R91: 5 | S91: 0.35486111 | T91: 43 | U91: 49 | V91: 6 | W91: 0.13953488
B92: Morning | C92: 0.35486111 | D92: 0.35902778 | E92: 0.36319444 | F92: 1 | G92: 0.36388889 | H92: 0.37222222 | I92: 0 | J92: 0.37222222 | K92: 0.37361111 | L92: 0 | M92: 0.37361111 | N92: 0.37916667 | O92: 0 | P92: 0.37916667 | Q92: 0.38541667 | R92: 5 | S92: 0.38888889 | T92: 43 | U92: 49 | V92: 6 | W92: 0.13953488 | X92: 49
B93: Morning | C93: 0.38888889 | D93: 0.39305556 | E93: 0.39722222 | F93: 1 | G93: 0.39791667 | H93: 0.40625 | I93: 0 | J93: 0.40625 | K93: 0.40763889 | L93: 0 | M93: 0.40763889 | N93: 0.41319444 | O93: 0 | P93: 0.41319444 | Q93: 0.41944444 | R93: 5 | S93: 0.42291667 | T93: 43 | U93: 49 | V93: 6 | W93: 0.13953488 | X93: 49
B94: Morning | C94: 0.42291667 | D94: 0.42708333 | E94: 0.43125 | F94: 1 | G94: 0.43194444 | H94: 0.44027778 | I94: 0 | J94: 0.44027778 | K94: 0.44166667 | L94: 0 | M94: 0.44166667 | N94: 0.44722222 | O94: 0 | P94: 0.44722222 | Q94: 0.45347222 | R94: 5 | S94: 0.45694444 | T94: 43 | U94: 49 | V94: 6 | W94: 0.13953488 | X94: 49
B95: Morning | C95: 0.45694444 | D95: 0.46111111 | E95: 0.46527778 | F95: 1 | G95: 0.46597222 | H95: 0.47430556 | I95: 0 | J95: 0.47430556 | K95: 0.47569444 | L95: 0 | M95: 0.47569444 | N95: 0.48125 | O95: 0 | P95: 0.48125 | Q95: 0.4875 | R95: 5 | S95: 0.49097222 | T95: 43 | U95: 49 | V95: 6 | W95: 0.13953488 | X95: 49
B96: Morning | C96: 0.47361111 | D96: 0.47777778 | E96: 0.48194444 | F96: 1 | G96: 0.48263889 | H96: 0.49097222 | I96: 0 | J96: 0.49097222 | K96: 0.49236111 | L96: 0 | M96: 0.49236111 | N96: 0.49791667 | O96: 0 | P96: 0.49791667 | Q96: 0.50416667 | R96: 5 | S96: 0.50763889 | T96: 43 | U96: 49 | V96: 6 | W96: 0.13953488 | X96: 24
B97: Morning | C97: 0.49097222 | D97: 0.49513889 | E97: 0.49930556 | F97: 1 | G97: 0.5 | H97: 0.50833333 | I97: 0 | J97: 0.50833333 | K97: 0.50972222 | L97: 0 | M97: 0.50972222 | N97: 0.51527778 | O97: 0 | P97: 0.51527778 | Q97: 0.52152778 | R97: 5 | S97: 0.525 | T97: 43 | U97: 49 | V97: 6 | W97: 0.13953488 | X97: 25
B98: Morning | C98: 0.50763889 | D98: 0.51180556 | E98: 0.51597222 | F98: 1 | G98: 0.51666667 | H98: 0.525 | I98: 0 | J98: 0.525 | K98: 0.52638889 | L98: 0 | M98: 0.52638889 | N98: 0.53194444 | O98: 0 | P98: 0.53194444 | Q98: 0.53819444 | R98: 5 | S98: 0.54166667 | T98: 43 | U98: 49 | V98: 6 | W98: 0.13953488 | X98: 24
B99: Midday | C99: 0.525 | D99: 0.52916667 | E99: 0.53333333 | F99: 1 | G99: 0.53402778 | H99: 0.54236111 | I99: 0 | J99: 0.54236111 | K99: 0.54375 | L99: 0 | M99: 0.54375 | N99: 0.54930556 | O99: 0 | P99: 0.54930556 | Q99: 0.55555556 | R99: 5 | S99: 0.55902778 | T99: 43 | U99: 49 | V99: 6 | W99: 0.13953488 | X99: 25
B100: Midday | C100: 0.54166667 | D100: 0.54583333 | E100: 0.55 | F100: 1 | G100: 0.55069444 | H100: 0.55902778 | I100: 0 | J100: 0.55902778 | K100: 0.56041667 | L100: 0 | M100: 0.56041667 | N100: 0.56597222 | O100: 0 | P100: 0.56597222 | Q100: 0.57222222 | R100: 5 | S100: 0.57569444 | T100: 43 | U100: 49 | V100: 6 | W100: 0.13953488 | X100: 24
B101: Midday | C101: 0.55902778 | D101: 0.56319444 | E101: 0.56736111 | F101: 1 | G101: 0.56805556 | H101: 0.57638889 | I101: 0 | J101: 0.57638889 | K101: 0.57777778 | L101: 0 | M101: 0.57777778 | N101: 0.58333333 | O101: 0 | P101: 0.58333333 | Q101: 0.58958333 | R101: 5 | S101: 0.59305556 | T101: 43 | U101: 49 | V101: 6 | W101: 0.13953488 | X101: 25
B102: Midday | C102: 0.57569444 | D102: 0.57986111 | E102: 0.58402778 | F102: 1 | G102: 0.58472222 | H102: 0.59305556 | I102: 0 | J102: 0.59305556 | K102: 0.59444444 | L102: 0 | M102: 0.59444444 | N102: 0.6 | O102: 0 | P102: 0.6 | Q102: 0.60625 | R102: 5 | S102: 0.60972222 | T102: 43 | U102: 49 | V102: 6 | W102: 0.13953488 | X102: 24
B103: Midday | C103: 0.59305556 | D103: 0.59722222 | E103: 0.60138889 | F103: 1 | G103: 0.60208333 | H103: 0.61041667 | I103: 0 | J103: 0.61041667 | K103: 0.61180556 | L103: 0 | M103: 0.61180556 | N103: 0.61736111 | O103: 0 | P103: 0.61736111 | Q103: 0.62361111 | R103: 5 | S103: 0.62708333 | T103: 43 | U103: 49 | V103: 6 | W103: 0.13953488 | X103: 25
... B110: Midday | C110: 0.71388889 | D110: 0.71805556 | E110: 0.72222222 | F110: 1 | G110: 0.72291667 | H110: 0.73125 | I110: 0 | J110: 0.73125 | K110: 0.73263889 | L110: 0 | M110: 0.73263889 | N110: 0.73819444 | O110: 0 | P110: 0.73819444 | Q110: 0.74444444 | R110: 7 | S110: 0.74930556 | T110: 43 | U110: 51 | V110: 8 | W110: 0.18604651 | X110: 25
B111: Evening | C111: 0.73194444 | D111: 0.73611111 | E111: 0.73958333 | F111: 1 | G111: 0.74027778 | H111: 0.74861111 | I111: 0 | J111: 0.74861111 | K111: 0.75 | L111: 0 | M111: 0.75 | N111: 0.75555556 | O111: 0 | P111: 0.75555556 | Q111: 0.76111111 | T111: 41 | U111: 42 | V111: 1 | W111: 0.024390244 | X111: 24
B112: Evening | C112: 0.74930556 | D112: 0.75347222 | E112: 0.75694444 | F112: 1 | G112: 0.75763889 | H112: 0.76597222 | I112: 0 | J112: 0.76597222 | K112: 0.76736111 | L112: 0 | M112: 0.76736111 | N112: 0.77291667 | O112: 0 | P112: 0.77291667 | Q112: 0.77847222 | R112: 5 | S112: 0.78194444 | T112: 41 | U112: 47 | V112: 6 | W112: 0.14634146 | X112: 25
B113: Evening | C113: 0.78194444 | D113: 0.78611111 | E113: 0.78958333 | F113: 1 | G113: 0.79027778 | H113: 0.79861111 | I113: 0 | J113: 0.79861111 | K113: 0.8 | L113: 0 | M113: 0.8 | N113: 0.80555556 | O113: 0 | P113: 0.80555556 | Q113: 0.81111111 | R113: 5 | S113: 0.81458333 | T113: 41 | U113: 47 | V113: 6 | W113: 0.14634146 | X113: 47
B114: Evening | C114: 0.81458333 | D114: 0.81875 | E114: 0.82222222 | F114: 1 | G114: 0.82291667 | H114: 0.83125 | I114: 0 | J114: 0.83125 | K114: 0.83263889 | L114: 0 | M114: 0.83263889 | N114: 0.83819444 | O114: 0 | P114: 0.83819444 | Q114: 0.84375 | R114: 5 | S114: 0.84722222 | T114: 41 | U114: 47 | V114: 6 | W114: 0.14634146 | X114: 47
B115: Evening | C115: 0.84722222 | D115: 0.85138889 | E115: 0.85486111 | F115: 1 | G115: 0.85555556 | H115: 0.86388889 | I115: 0 | J115: 0.86388889 | K115: 0.86527778 | L115: 0 | M115: 0.86527778 | N115: 0.87083333 | O115: 0 | P115: 0.87083333 | Q115: 0.87638889 | R115: 5 | S115: 0.87986111 | T115: 41 | U115: 47 | V115: 6 | W115: 0.14634146 | X115: 47
B116: Night | C116: 0.87986111 | D116: 0.88402778 | E116: 0.8875 | F116: 1 | G116: 0.88819444 | H116: 0.89583333 | I116: 0 | J116: 0.89583333 | K116: 0.89722222 | L116: 0 | M116: 0.89722222 | N116: 0.90277778 | O116: 0 | P116: 0.90277778 | Q116: 0.90833333 | R116: 5 | S116: 0.91180556 | T116: 40 | U116: 46 | V116: 6 | W116: 0.15 | X116: 46
B117: Night | C117: 0.91180556 | D117: 0.91597222 | E117: 0.91944444 | F117: 1 | G117: 0.92013889 | H117: 0.92777778 | I117: 0 | J117: 0.92777778 | K117: 0.92916667 | L117: 0 | M117: 0.92916667 | N117: 0.93472222 | O117: 0 | P117: 0.93472222 | Q117: 0.94027778 | R117: 5 | S117: 0.94375 | T117: 40 | U117: 46 | V117: 6 | W117: 0.15 | X117: 46
B118: Night | C118: 0.94375 | D118: 0.94791667 | E118: 0.95138889 | F118: 1 | G118: 0.95208333 | H118: 0.95972222 | I118: 0 | J118: 0.95972222 | K118: 0.96111111 | L118: 0 | M118: 0.96111111 | N118: 0.96666667 | O118: 0 | P118: 0.96666667 | Q118: 0.97222222 | T118: 40 | U118: 41 | V118: 1 | W118: 0.025 | X118: 46
Q119: Service Hours | T119: 19.033333 | U119: =SUM(U91:U118)/60 -> 22.533333 | V119: 2.6833333 | W119: 0.14098074

Sheet 101
A1: Weekday | C1: Route | D1: 101 - Blue
C2: DEPART | D2: ARRIVE | F2: DEPART | G2: ARRIVE | I2: DEPART | J2: DEPART | K2: DEPART | L2: DEPART | M2: ARRIVE | O2: DEPART
B3: Stop Name | C3: Downtown | D3: Johnson at Napier | F3: Johnson at Napier | G3: RVH | I3: RVH | J3: Georgian College | K3: Georgian Mall | L3: Bayfield at Highway 400 | M3: Downtown | O3: Downtown
B4: Stop ID | C4: 1 | D4: 400 | E4: R | F4: 400 | G4: 569 | H4: R | I4: 569 | J4: 330 | K4: 441 | L4: 64 | M4: 1 | N4: R | O4: 1 | P4: Travel Time | Q4: Cycle Time | R4: R | S4: R Ratio | T4: Frequency
B5: Morning | C5: 0.29513889 | D5: 0.3 | E5: 1 | F5: 0.30069444 | G5: 0.30555556 | H5: 0 | I5: 0.30555556 | J5: 0.30833333 | K5: 0.31597222 | L5: 0.31944444 | M5: 0.32291667 | N5: 5 | O5: 0.32638889 | P5: 39 | Q5: 45 | R5: 6 | S5: 0.15384615
B6: Morning | C6: 0.31041667 | D6: 0.31527778 | E6: 1 | F6: 0.31597222 | G6: 0.32083333 | H6: 0 | I6: 0.32083333 | J6: 0.32361111 | K6: 0.33125 | L6: 0.33472222 | M6: 0.33819444 | N6: 5 | O6: 0.34166667 | P6: 39 | Q6: 45 | R6: 6 | S6: 0.15384615 | T6: 22
B7: Morning | C7: 0.32638889 | D7: 0.33125 | E7: 1 | F7: 0.33194444 | G7: 0.33680556 | H7: 0 | I7: 0.33680556 | J7: 0.33958333 | K7: 0.34722222 | L7: 0.35069444 | M7: 0.35416667 | N7: 5 | O7: 0.35763889 | P7: 39 | Q7: 45 | R7: 6 | S7: 0.15384615 | T7: 23
B8: Morning | C8: 0.34166667 | D8: 0.34652778 | E8: 1 | F8: 0.34722222 | G8: 0.35208333 | H8: 0 | I8: 0.35208333 | J8: 0.35486111 | K8: 0.3625 | L8: 0.36597222 | M8: 0.36944444 | N8: 5 | O8: 0.37291667 | P8: 39 | Q8: 45 | R8: 6 | S8: 0.15384615 | T8: 22
B9: Morning | C9: 0.35763889 | D9: 0.3625 | E9: 1 | F9: 0.36319444 | G9: 0.36805556 | H9: 0 | I9: 0.36805556 | J9: 0.37083333 | K9: 0.37847222 | L9: 0.38194444 | M9: 0.38541667 | N9: 5 | O9: 0.38888889 | P9: 39 | Q9: 45 | R9: 6 | S9: 0.15384615 | T9: 23
B10: Morning | C10: 0.37291667 | D10: 0.37777778 | E10: 1 | F10: 0.37847222 | G10: 0.38333333 | H10: 0 | I10: 0.38333333 | J10: 0.38611111 | K10: 0.39375 | L10: 0.39722222 | M10: 0.40069444 | N10: 5 | O10: 0.40416667 | P10: 39 | Q10: 45 | R10: 6 | S10: 0.15384615 | T10: 22
B11: Morning | C11: 0.38888889 | D11: 0.39375 | E11: 1 | F11: 0.39444444 | G11: 0.39930556 | H11: 0 | I11: 0.39930556 | J11: 0.40208333 | K11: 0.40972222 | L11: 0.41319444 | M11: 0.41666667 | N11: 5 | O11: 0.42013889 | P11: 39 | Q11: 45 | R11: 6 | S11: 0.15384615 | T11: 23
B12: Morning | C12: 0.40416667 | D12: 0.40902778 | E12: 1 | F12: 0.40972222 | G12: 0.41458333 | H12: 0 | I12: 0.41458333 | J12: 0.41736111 | K12: 0.425 | L12: 0.42847222 | M12: 0.43194444 | N12: 5 | O12: 0.43541667 | P12: 39 | Q12: 45 | R12: 6 | S12: 0.15384615 | T12: 22
B13: Morning | C13: 0.42013889 | D13: 0.425 | E13: 1 | F13: 0.42569444 | G13: 0.43055556 | H13: 0 | I13: 0.43055556 | J13: 0.43333333 | K13: 0.44097222 | L13: 0.44444444 | M13: 0.44791667 | N13: 5 | O13: 0.45138889 | P13: 39 | Q13: 45 | R13: 6 | S13: 0.15384615 | T13: 23
B14: Morning | C14: 0.43541667 | D14: 0.44027778 | E14: 1 | F14: 0.44097222 | G14: 0.44583333 | H14: 0 | I14: 0.44583333 | J14: 0.44861111 | K14: 0.45625 | L14: 0.45972222 | M14: 0.46319444 | N14: 7 | O14: 0.46805556 | P14: 39 | Q14: 47 | R14: 8 | S14: 0.20512821 | T14: 24
B15: Midday | C15: 0.45138889 | D15: 0.45763889 | E15: 1 | F15: 0.45833333 | G15: 0.46388889 | H15: 0 | I15: 0.46388889 | J15: 0.46666667 | K15: 0.475 | L15: 0.47986111 | M15: 0.48333333 | N15: 4 | O15: 0.48611111 | P15: 45 | Q15: 50 | R15: 5 | S15: 0.11111111 | T15: 26
B16: Midday | C16: 0.46805556 | D16: 0.47430556 | E16: 1 | F16: 0.475 | G16: 0.48055556 | H16: 0 | I16: 0.48055556 | J16: 0.48333333 | K16: 0.49166667 | L16: 0.49652778 | M16: 0.5 | N16: 5 | O16: 0.50347222 | P16: 45 | Q16: 51 | R16: 6 | S16: 0.13333333 | T16: 25
B17: Midday | C17: 0.48611111 | D17: 0.49236111 | E17: 1 | F17: 0.49305556 | G17: 0.49861111 | H17: 0 | I17: 0.49861111 | J17: 0.50138889 | K17: 0.50972222 | L17: 0.51458333 | M17: 0.51805556 | N17: 5 | O17: 0.52152778 | P17: 45 | Q17: 51 | R17: 6 | S17: 0.13333333 | T17: 26
... B38: Night | C38: 0.85208333 | D38: 0.85694444 | E38: 1 | F38: 0.85763889 | G38: 0.86319444 | H38: 0 | I38: 0.86319444 | J38: 0.86597222 | K38: 0.87361111 | L38: 0.87708333 | M38: 0.88055556 | N38: 7 | O38: 0.88541667 | P38: 40 | Q38: 48 | R38: 8 | S38: 0.2 | T38: 24
B39: Night | C39: 0.86875 | D39: 0.87361111 | E39: 1 | F39: 0.87430556 | G39: 0.87986111 | H39: 0 | I39: 0.87986111 | J39: 0.88263889 | K39: 0.89027778 | L39: 0.89375 | M39: 0.89722222 | P39: 40 | Q39: 41 | R39: 1 | S39: 0.025 | T39: 24
B40: Night | C40: 0.88541667 | D40: 0.89027778 | E40: 1 | F40: 0.89097222 | G40: 0.89652778 | H40: 0 | I40: 0.89652778 | J40: 0.89930556 | K40: 0.90694444 | L40: 0.91041667 | M40: 0.91388889 | N40: 4 | O40: 0.91666667 | P40: 40 | Q40: 45 | R40: 5 | S40: 0.125 | T40: 24
B41: Night | C41: 0.91666667 | D41: 0.92152778 | E41: 1 | F41: 0.92222222 | G41: 0.92777778 | H41: 0 | I41: 0.92777778 | J41: 0.93055556 | K41: 0.93819444 | L41: 0.94166667 | M41: 0.94513889 | O41: 0.94513889 | P41: 40 | Q41: 41 | R41: 1 | S41: 0.025 | T41: 45
M42: Service Hours | P42: 26 | Q42: 29.683333 | R42: 3.6833333 | S42: 0.14166667
A43: Saturday
C44: Route | D44: 101 - Blue
C45: DEPART | D45: ARRIVE | F45: DEPART | G45: ARRIVE | I45: DEPART | J45: DEPART | K45: DEPART | L45: DEPART | M45: ARRIVE | O45: DEPART
B46: Stop Name | C46: Downtown | D46: Johnson at Napier | F46: Johnson at Napier | G46: RVH | I46: RVH | J46: Georgian College | K46: Georgian Mall | L46: Bayfield at Highway 400 | M46: Downtown | O46: Downtown
B47: Stop ID | C47: 1 | D47: 400 | E47: R | F47: 400 | G47: 569 | H47: R | I47: 569 | J47: 330 | K47: 441 | L47: 64 | M47: 1 | N47: R | O47: 1 | P47: Travel Time | Q47: Cycle Time | R47: R | S47: R Ratio | T47: Frequency
B48: Morning | C48: 0.30208333 | D48: 0.30694444 | E48: 1 | F48: 0.30763889 | G48: 0.3125 | H48: 0 | I48: 0.3125 | J48: 0.31527778 | K48: 0.32291667 | L48: 0.32638889 | M48: 0.32986111 | N48: 5 | O48: 0.33333333 | P48: 39 | Q48: 45 | R48: 6 | S48: 0.15384615
B49: Morning | C49: 0.33333333 | D49: 0.33819444 | E49: 1 | F49: 0.33888889 | G49: 0.34375 | H49: 0 | I49: 0.34375 | J49: 0.34652778 | K49: 0.35416667 | L49: 0.35763889 | M49: 0.36111111 | N49: 5 | O49: 0.36458333 | P49: 39 | Q49: 45 | R49: 6 | S49: 0.15384615 | T49: 45
B50: Morning | C50: 0.34861111 | D50: 0.35347222 | E50: 1 | F50: 0.35416667 | G50: 0.35902778 | H50: 0 | I50: 0.35902778 | J50: 0.36180556 | K50: 0.36944444 | L50: 0.37291667 | M50: 0.37638889 | N50: 5 | O50: 0.37986111 | P50: 39 | Q50: 45 | R50: 6 | S50: 0.15384615 | T50: 22
B51: Morning | C51: 0.36458333 | D51: 0.36944444 | E51: 1 | F51: 0.37013889 | G51: 0.375 | H51: 0 | I51: 0.375 | J51: 0.37777778 | K51: 0.38541667 | L51: 0.38888889 | M51: 0.39236111 | N51: 5 | O51: 0.39583333 | P51: 39 | Q51: 45 | R51: 6 | S51: 0.15384615 | T51: 23
B52: Morning | C52: 0.37986111 | D52: 0.38472222 | E52: 1 | F52: 0.38541667 | G52: 0.39027778 | H52: 0 | I52: 0.39027778 | J52: 0.39305556 | K52: 0.40069444 | L52: 0.40416667 | M52: 0.40763889 | N52: 5 | O52: 0.41111111 | P52: 39 | Q52: 45 | R52: 6 | S52: 0.15384615 | T52: 22
B53: Morning | C53: 0.39583333 | D53: 0.40069444 | E53: 1 | F53: 0.40138889 | G53: 0.40625 | H53: 0 | I53: 0.40625 | J53: 0.40902778 | K53: 0.41666667 | L53: 0.42013889 | M53: 0.42361111 | N53: 5 | O53: 0.42708333 | P53: 39 | Q53: 45 | R53: 6 | S53: 0.15384615 | T53: 23
B54: Morning | C54: 0.41111111 | D54: 0.41597222 | E54: 1 | F54: 0.41666667 | G54: 0.42152778 | H54: 0 | I54: 0.42152778 | J54: 0.42430556 | K54: 0.43194444 | L54: 0.43541667 | M54: 0.43888889 | N54: 5 | O54: 0.44236111 | P54: 39 | Q54: 45 | R54: 6 | S54: 0.15384615 | T54: 22
B55: Morning | C55: 0.42708333 | D55: 0.43194444 | E55: 1 | F55: 0.43263889 | G55: 0.4375 | H55: 0 | I55: 0.4375 | J55: 0.44027778 | K55: 0.44791667 | L55: 0.45138889 | M55: 0.45486111 | N55: 5 | O55: 0.45833333 | P55: 39 | Q55: 45 | R55: 6 | S55: 0.15384615 | T55: 23
B56: Morning | C56: 0.44236111 | D56: 0.44722222 | E56: 1 | F56: 0.44791667 | G56: 0.45277778 | H56: 0 | I56: 0.45277778 | J56: 0.45555556 | K56: 0.46319444 | L56: 0.46666667 | M56: 0.47013889 | N56: 5 | O56: 0.47361111 | P56: 39 | Q56: 45 | R56: 6 | S56: 0.15384615 | T56: 22
B57: Morning | C57: 0.45833333 | D57: 0.46319444 | E57: 1 | F57: 0.46388889 | G57: 0.46875 | H57: 0 | I57: 0.46875 | J57: 0.47152778 | K57: 0.47916667 | L57: 0.48263889 | M57: 0.48611111 | N57: 5 | O57: 0.48958333 | P57: 39 | Q57: 45 | R57: 6 | S57: 0.15384615 | T57: 23
B58: Morning | C58: 0.47361111 | D58: 0.47847222 | E58: 1 | F58: 0.47916667 | G58: 0.48402778 | H58: 0 | I58: 0.48402778 | J58: 0.48680556 | K58: 0.49444444 | L58: 0.49791667 | M58: 0.50138889 | N58: 5 | O58: 0.50486111 | P58: 39 | Q58: 45 | R58: 6 | S58: 0.15384615 | T58: 22
B59: Morning | C59: 0.48958333 | D59: 0.49444444 | E59: 1 | F59: 0.49513889 | G59: 0.5 | H59: 0 | I59: 0.5 | J59: 0.50277778 | K59: 0.51041667 | L59: 0.51388889 | M59: 0.51736111 | N59: 5 | O59: 0.52083333 | P59: 39 | Q59: 45 | R59: 6 | S59: 0.15384615 | T59: 23
B60: Morning | C60: 0.50486111 | D60: 0.50972222 | E60: 1 | F60: 0.51041667 | G60: 0.51527778 | H60: 0 | I60: 0.51527778 | J60: 0.51805556 | K60: 0.52569444 | L60: 0.52916667 | M60: 0.53263889 | N60: 5 | O60: 0.53611111 | P60: 39 | Q60: 45 | R60: 6 | S60: 0.15384615 | T60: 22
... B80: Night | C80: 0.85277778 | D80: 0.85763889 | E80: 1 | F80: 0.85833333 | G80: 0.86388889 | H80: 0 | I80: 0.86388889 | J80: 0.86666667 | K80: 0.87430556 | L80: 0.87777778 | M80: 0.88125 | N80: 6 | O80: 0.88541667 | P80: 40 | Q80: 47 | R80: 7 | S80: 0.175 | T80: 23
B81: Night | C81: 0.86944444 | D81: 0.87430556 | E81: 1 | F81: 0.875 | G81: 0.88055556 | H81: 0 | I81: 0.88055556 | J81: 0.88333333 | K81: 0.89097222 | L81: 0.89444444 | M81: 0.89791667 | P81: 40 | Q81: 41 | R81: 1 | S81: 0.025 | T81: 24
B82: Night | C82: 0.88541667 | D82: 0.89027778 | E82: 1 | F82: 0.89097222 | G82: 0.89652778 | H82: 0 | I82: 0.89652778 | J82: 0.89930556 | K82: 0.90694444 | L82: 0.91041667 | M82: 0.91388889 | N82: 9 | O82: 0.92013889 | P82: 40 | Q82: 50 | R82: 10 | S82: 0.25 | T82: 23
B83: Night | C83: 0.92013889 | D83: 0.925 | E83: 1 | F83: 0.92569444 | G83: 0.93125 | H83: 0 | I83: 0.93125 | J83: 0.93402778 | K83: 0.94166667 | L83: 0.94513889 | M83: 0.94861111 | O83: 0.94861111 | P83: 40 | Q83: 41 | R83: 1 | S83: 0.025 | T83: 50
M84: Service Hours | P84: 25.066667 | Q84: 28.7 | R84: 3.6333333 | S84: 0.14494681
A85: Sunday
C86: Route | D86: 101 - Blue
C87: DEPART | D87: ARRIVE | F87: DEPART | G87: ARRIVE | I87: DEPART | J87: DEPART | K87: DEPART | L87: DEPART | M87: ARRIVE | O87: DEPART
B88: Stop Name | C88: Downtown | D88: Johnson at Napier | F88: Johnson at Napier | G88: RVH | I88: RVH | J88: Georgian College | K88: Georgian Mall | L88: Bayfield at Highway 400 | M88: Downtown | O88: Downtown
B89: Stop ID | C89: 1 | D89: 400 | E89: R | F89: 400 | G89: 569 | H89: R | I89: 569 | J89: 330 | K89: 441 | L89: 64 | M89: 1 | N89: R | O89: 1 | P89: Travel Time | Q89: Cycle Time | R89: R | S89: R Ratio | T89: Frequency
B90: Morning | C90: 0.30555556 | D90: 0.31041667 | E90: 1 | F90: 0.31111111 | G90: 0.31597222 | H90: 0 | I90: 0.31597222 | J90: 0.31875 | K90: 0.32638889 | L90: 0.32986111 | M90: 0.33333333 | N90: 5 | O90: 0.33680556 | P90: 39 | Q90: 45 | R90: 6 | S90: 0.15384615
B91: Morning | C91: 0.33680556 | D91: 0.34166667 | E91: 1 | F91: 0.34236111 | G91: 0.34722222 | H91: 0 | I91: 0.34722222 | J91: 0.35 | K91: 0.35763889 | L91: 0.36111111 | M91: 0.36458333 | N91: 5 | O91: 0.36805556 | P91: 39 | Q91: 45 | R91: 6 | S91: 0.15384615 | T91: 45
B92: Morning | C92: 0.36805556 | D92: 0.37291667 | E92: 1 | F92: 0.37361111 | G92: 0.37847222 | H92: 0 | I92: 0.37847222 | J92: 0.38125 | K92: 0.38888889 | L92: 0.39236111 | M92: 0.39583333 | N92: 5 | O92: 0.39930556 | P92: 39 | Q92: 45 | R92: 6 | S92: 0.15384615 | T92: 45
B93: Morning | C93: 0.39930556 | D93: 0.40416667 | E93: 1 | F93: 0.40486111 | G93: 0.40972222 | H93: 0 | I93: 0.40972222 | J93: 0.4125 | K93: 0.42013889 | L93: 0.42361111 | M93: 0.42708333 | N93: 5 | O93: 0.43055556 | P93: 39 | Q93: 45 | R93: 6 | S93: 0.15384615 | T93: 45
B94: Morning | C94: 0.43055556 | D94: 0.43541667 | E94: 1 | F94: 0.43611111 | G94: 0.44097222 | H94: 0 | I94: 0.44097222 | J94: 0.44375 | K94: 0.45138889 | L94: 0.45486111 | M94: 0.45833333 | N94: 5 | O94: 0.46180556 | P94: 39 | Q94: 45 | R94: 6 | S94: 0.15384615 | T94: 45
B95: Morning | C95: 0.46180556 | D95: 0.46666667 | E95: 1 | F95: 0.46736111 | G95: 0.47222222 | H95: 0 | I95: 0.47222222 | J95: 0.475 | K95: 0.48263889 | L95: 0.48611111 | M95: 0.48958333 | N95: 5 | O95: 0.49305556 | P95: 39 | Q95: 45 | R95: 6 | S95: 0.15384615 | T95: 45
B96: Morning | C96: 0.47708333 | D96: 0.48194444 | E96: 1 | F96: 0.48263889 | G96: 0.4875 | H96: 0 | I96: 0.4875 | J96: 0.49027778 | K96: 0.49791667 | L96: 0.50138889 | M96: 0.50486111 | N96: 5 | O96: 0.50833333 | P96: 39 | Q96: 45 | R96: 6 | S96: 0.15384615 | T96: 22
B97: Morning | C97: 0.49305556 | D97: 0.49791667 | E97: 1 | F97: 0.49861111 | G97: 0.50347222 | H97: 0 | I97: 0.50347222 | J97: 0.50625 | K97: 0.51388889 | L97: 0.51736111 | M97: 0.52083333 | N97: 5 | O97: 0.52430556 | P97: 39 | Q97: 45 | R97: 6 | S97: 0.15384615 | T97: 23
B98: Midday | C98: 0.50833333 | D98: 0.51458333 | E98: 1 | F98: 0.51527778 | G98: 0.52083333 | H98: 0 | I98: 0.52083333 | J98: 0.52361111 | K98: 0.53194444 | L98: 0.53680556 | M98: 0.54027778 | N98: 5 | O98: 0.54375 | P98: 45 | Q98: 51 | R98: 6 | S98: 0.13333333 | T98: 28
B99: Midday | C99: 0.52430556 | D99: 0.53055556 | E99: 1 | F99: 0.53125 | G99: 0.53680556 | H99: 0 | I99: 0.53680556 | J99: 0.53958333 | K99: 0.54791667 | L99: 0.55277778 | M99: 0.55625 | N99: 7 | O99: 0.56111111 | P99: 45 | Q99: 53 | R99: 8 | S99: 0.17777778 | T99: 25
B100: Midday | C100: 0.54375 | D100: 0.55 | E100: 1 | F100: 0.55069444 | G100: 0.55625 | H100: 0 | I100: 0.55625 | J100: 0.55902778 | K100: 0.56736111 | L100: 0.57222222 | M100: 0.57569444 | N100: 5 | O100: 0.57916667 | P100: 45 | Q100: 51 | R100: 6 | S100: 0.13333333 | T100: 26
B101: Midday | C101: 0.56111111 | D101: 0.56736111 | E101: 1 | F101: 0.56805556 | G101: 0.57361111 | H101: 0 | I101: 0.57361111 | J101: 0.57638889 | K101: 0.58472222 | L101: 0.58958333 | M101: 0.59305556 | N101: 5 | O101: 0.59652778 | P101: 45 | Q101: 51 | R101: 6 | S101: 0.13333333 | T101: 25
B102: Midday | C102: 0.57916667 | D102: 0.58541667 | E102: 1 | F102: 0.58611111 | G102: 0.59166667 | H102: 0 | I102: 0.59166667 | J102: 0.59444444 | K102: 0.60277778 | L102: 0.60763889 | M102: 0.61111111 | N102: 5 | O102: 0.61458333 | P102: 45 | Q102: 51 | R102: 6 | S102: 0.13333333 | T102: 26
... B109: Evening | C109: 0.70208333 | D109: 0.70833333 | E109: 1 | F109: 0.70902778 | G109: 0.71458333 | H109: 0 | I109: 0.71458333 | J109: 0.71736111 | K109: 0.725 | L109: 0.72847222 | M109: 0.73194444 | N109: 5 | O109: 0.73541667 | P109: 42 | Q109: 48 | R109: 6 | S109: 0.14285714 | T109: 24
B110: Evening | C110: 0.71875 | D110: 0.725 | E110: 1 | F110: 0.72569444 | G110: 0.73125 | H110: 0 | I110: 0.73125 | J110: 0.73402778 | K110: 0.74166667 | L110: 0.74513889 | M110: 0.74861111 | P110: 42 | Q110: 43 | R110: 1 | S110: 0.023809524 | T110: 24
B111: Evening | C111: 0.73541667 | D111: 0.74166667 | E111: 1 | F111: 0.74236111 | G111: 0.74791667 | H111: 0 | I111: 0.74791667 | J111: 0.75069444 | K111: 0.75833333 | L111: 0.76180556 | M111: 0.76527778 | N111: 7 | O111: 0.77013889 | P111: 42 | Q111: 50 | R111: 8 | S111: 0.19047619 | T111: 24
B112: Evening | C112: 0.77013889 | D112: 0.77638889 | E112: 1 | F112: 0.77708333 | G112: 0.78263889 | H112: 0 | I112: 0.78263889 | J112: 0.78541667 | K112: 0.79305556 | L112: 0.79652778 | M112: 0.8 | N112: 5 | O112: 0.80347222 | P112: 42 | Q112: 48 | R112: 6 | S112: 0.14285714 | T112: 48
B113: Evening | C113: 0.80347222 | D113: 0.80972222 | E113: 1 | F113: 0.81041667 | G113: 0.81597222 | H113: 0 | I113: 0.81597222 | J113: 0.81875 | K113: 0.82638889 | L113: 0.82986111 | M113: 0.83333333 | N113: 5 | O113: 0.83680556 | P113: 42 | Q113: 48 | R113: 6 | S113: 0.14285714 | T113: 48
B114: Night | C114: 0.83680556 | D114: 0.84166667 | E114: 1 | F114: 0.84236111 | G114: 0.84791667 | H114: 0 | I114: 0.84791667 | J114: 0.85069444 | K114: 0.85833333 | L114: 0.86180556 | M114: 0.86527778 | N114: 5 | O114: 0.86875 | P114: 40 | Q114: 46 | R114: 6 | S114: 0.15 | T114: 46
B115: Night | C115: 0.86875 | D115: 0.87361111 | E115: 1 | F115: 0.87430556 | G115: 0.87986111 | H115: 0 | I115: 0.87986111 | J115: 0.88263889 | K115: 0.89027778 | L115: 0.89375 | M115: 0.89722222 | N115: 5 | O115: 0.90069444 | P115: 40 | Q115: 46 | R115: 6 | S115: 0.15 | T115: 46
B116: Night | C116: 0.90069444 | D116: 0.90555556 | E116: 1 | F116: 0.90625 | G116: 0.91180556 | H116: 0 | I116: 0.91180556 | J116: 0.91458333 | K116: 0.92222222 | L116: 0.92569444 | M116: 0.92916667 | N116: 5 | O116: 0.93263889 | P116: 40 | Q116: 46 | R116: 6 | S116: 0.15 | T116: 46
B117: Night | C117: 0.93263889 | D117: 0.9375 | E117: 1 | F117: 0.93819444 | G117: 0.94375 | H117: 0 | I117: 0.94375 | J117: 0.94652778 | K117: 0.95416667 | L117: 0.95763889 | M117: 0.96111111 | N117: 5 | O117: 0.96458333 | P117: 40 | Q117: 46 | R117: 6 | S117: 0.15 | T117: 46
M118: Service Hours | P118: 19.516667 | Q118: 22.333333 | R118: 2.8166667 | S118: 0.14432109

Sheet 2
A1: Weekday | C1: 2A | L1: 2B
C2: DEPART | E2: ARRIVE | G2: DEPART | J2: ARRIVE | L2: DEPART | O2: ARRIVE | Q2: DEPART | S2: ARRIVE | U2: DEPART
B3: Stop Name | C3: Park Place | D3: Veteran's at Essa | E3: Cuthbert Street | G3: =E3 -> Cuthbert Street | H3: Sproule at Kraus | I3: Dunlop at Ferndale | J3: Downtown | L3: Downtown | M3: Ferndale Drive | N3: Sproule at Kraus | O3: Ferndale Woods Public School | Q3: =O3 -> Ferndale Woods Public School | R3: Veteran's at Essa | S3: Park Place | U3: Park Place
B4: Stop ID | C4: 777 | D4: 662 | E4: 829 | F4: R | G4: =E4 -> 829 | H4: 627 | I4: 271 | J4: 1 | K4: R | L4: 1 | M4: 893 | N4: 626 | O4: 841 | P4: R | Q4: =O4 -> 841 | R4: 847 | S4: 777 | T4: R | U4: 777 | V4: Travel Time | W4: Cycle Time | X4: R | Y4: R Ratio | Z4: Frequency | AD4: Headway Management
B5: Early Morning | H5: 0.22638889 | I5: 0.23055556 | J5: 0.23611111 | K5: 8 | L5: 0.24166667 | M5: 0.24652778 | N5: 0.25138889 | O5: =ARRAY_CONSTRAIN(ARRAYFORMULA(Q5+TIME(,OFFSET([2]Segment!$C$83,,$B5,),)), 1, 1) -> #ERROR! | P5: 2 | Q5: =O5+TIME(,P5,) -> #ERROR! | R5: 0.26111111 | S5: 0.26805556 | T5: 9 | U5: 0.27430556 | V5: =W5-X5 -> 50 | W5: =(U5-H5)*1440 -> 69 | X5: =K5+F5+T5+P5 -> 19 | Y5: =X5/V5 -> 0.38 | AD5: DT Connection
B6: Early Morning | H6: 0.24722222 | I6: 0.25138889 | J6: 0.25694444 | K6: 8 | L6: 0.2625 | M6: 0.26736111 | N6: 0.27222222 | O6: =ARRAY_CONSTRAIN(ARRAYFORMULA(Q6+TIME(,OFFSET([2]Segment!$C$83,,$B6,),)), 1, 1) -> #ERROR! | P6: 2 | Q6: =O6+TIME(,P6,) -> #ERROR! | R6: 0.28194444 | S6: 0.28888889 | T6: 9 | U6: 0.29513889 | V6: =W6-X6 -> 50 | W6: =(U6-H6)*1440 -> 69 | X6: =K6+F6+T6+P6 -> 19 | Y6: =X6/V6 -> 0.38 | Z6: =(U6-U5)*1440 -> 30 | AD6: 400 Connection
B7: Morning | C7: 0.25347222 | D7: 0.25972222 | E7: =ARRAY_CONSTRAIN(ARRAYFORMULA(G7+TIME(,OFFSET([2]Segment!$C$77,,$B7,),)), 1, 1) -> #ERROR! | F7: 2 | G7: =E7+TIME(,F7,) -> #ERROR! | H7: 0.26805556 | I7: 0.27222222 | J7: 0.27777778 | K7: 8 | L7: 0.28333333 | M7: 0.28819444 | N7: 0.29305556 | O7: =ARRAY_CONSTRAIN(ARRAYFORMULA(Q7+TIME(,OFFSET([2]Segment!$C$83,,$B7,),)), 1, 1) -> #ERROR! | P7: 2 | Q7: =O7+TIME(,P7,) -> #ERROR! | R7: 0.30277778 | S7: 0.30972222 | T7: 9 | U7: 0.31597222 | V7: =W7-X7 -> 69 | W7: =(U7-C7)*1440 -> 90 | X7: =K7+F7+T7+P7 -> 21 | Y7: =X7/V7 -> 0.30434783 | Z7: =(U7-U6)*1440 -> 30 | AD7: GC Connection
B8: Morning | C8: 0.27430556 | D8: 0.28055556 | E8: =ARRAY_CONSTRAIN(ARRAYFORMULA(G8+TIME(,OFFSET([2]Segment!$C$77,,$B8,),)), 1, 1) -> #ERROR! | F8: 2 | G8: =E8+TIME(,F8,) -> #ERROR! | H8: 0.28888889 | I8: 0.29305556 | J8: 0.29861111 | K8: 8 | L8: 0.30416667 | M8: 0.30902778 | N8: 0.31388889 | O8: =ARRAY_CONSTRAIN(ARRAYFORMULA(Q8+TIME(,OFFSET([2]Segment!$C$83,,$B8,),)), 1, 1) -> #ERROR! | P8: 2 | Q8: =O8+TIME(,P8,) -> #ERROR! | R8: 0.32361111 | S8: 0.33055556 | T8: 9 | U8: 0.33680556 | V8: =W8-X8 -> 69 | W8: =(U8-C8)*1440 -> 90 | X8: =K8+F8+T8+P8 -> 21 | Y8: =X8/V8 -> 0.30434783 | Z8: =(U8-U7)*1440 -> 30 | AD8: GO Train
B9: Morning | C9: 0.29513889 | D9: 0.30138889 | E9: =ARRAY_CONSTRAIN(ARRAYFORMULA(G9+TIME(,OFFSET([2]Segment!$C$77,,$B9,),)), 1, 1) -> #ERROR! | F9: 2 | G9: =E9+TIME(,F9,) -> #ERROR! | H9: 0.30972222 | I9: 0.31388889 | J9: 0.31944444 | K9: 8 | L9: 0.325 | M9: 0.32986111 | N9: 0.33472222 | O9: =ARRAY_CONSTRAIN(ARRAYFORMULA(Q9+TIME(,OFFSET([2]Segment!$C$83,,$B9,),)), 1, 1) -> #ERROR! | P9: 2 | Q9: =O9+TIME(,P9,) -> #ERROR! | R9: 0.34444444 | S9: 0.35138889 | T9: 9 | U9: 0.35763889 | V9: =W9-X9 -> 69 | W9: =(U9-C9)*1440 -> 90 | X9: =K9+F9+T9+P9 -> 21 | Y9: =X9/V9 -> 0.30434783 | Z9: =(U9-U8)*1440 -> 30 | AD9: High School
B10: Morning | C10: 0.31597222 | D10: 0.32222222 | E10: =ARRAY_CONSTRAIN(ARRAYFORMULA(G10+TIME(,OFFSET([2]Segment!$C$77,,$B10,),)), 1, 1) -> #ERROR! | F10: 2 | G10: =E10+TIME(,F10,) -> #ERROR! | H10: 0.33055556 | I10: 0.33472222 | J10: 0.34027778 | K10: 8 | L10: 0.34583333 | M10: 0.35069444 | N10: 0.35555556 | O10: =ARRAY_CONSTRAIN(ARRAYFORMULA(Q10+TIME(,OFFSET([2]Segment!$C$83,,$B10,),)), 1, 1) -> #ERROR! | P10: 2 | Q10: =O10+TIME(,P10,) -> #ERROR! | R10: 0.36527778 | S10: 0.37222222 | T10: 9 | U10: 0.37847222 | V10: =W10-X10 -> 69 | W10: =(U10-C10)*1440 -> 90 | X10: =K10+F10+T10+P10 -> 21 | Y10: =X10/V10 -> 0.30434783 | Z10: =(U10-U9)*1440 -> 30
B11: Morning | C11: 0.33680556 | D11: 0.34305556 | E11: =ARRAY_CONSTRAIN(ARRAYFORMULA(G11+TIME(,OFFSET([2]Segment!$C$77,,$B11,),)), 1, 1) -> #ERROR! | F11: 2 | G11: =E11+TIME(,F11,) -> #ERROR! | H11: 0.35138889 | I11: 0.35555556 | J11: 0.36111111 | K11: 8 | L11: 0.36666667 | M11: 0.37152778 | N11: 0.37638889 | O11: =ARRAY_CONSTRAIN(ARRAYFORMULA(Q11+TIME(,OFFSET([2]Segment!$C$83,,$B11,),)), 1, 1) -> #ERROR! | P11: 2 | Q11: =O11+TIME(,P11,) -> #ERROR! | R11: 0.38611111 | S11: 0.39305556 | T11: 9 | U11: 0.39930556 | V11: =W11-X11 -> 69 | W11: =(U11-C11)*1440 -> 90 | X11: =K11+F11+T11+P11 -> 21 | Y11: =X11/V11 -> 0.30434783 | Z11: =(U11-U10)*1440 -> 30
B12: Morning | C12: 0.35763889 | D12: 0.36388889 | E12: =ARRAY_CONSTRAIN(ARRAYFORMULA(G12+TIME(,OFFSET([2]Segment!$C$77,,$B12,),)), 1, 1) -> #ERROR! | F12: 2 | G12: =E12+TIME(,F12,) -> #ERROR! | H12: 0.37222222 | I12: 0.37638889 | J12: 0.38194444 | K12: 8 | L12: 0.3875 | M12: 0.39236111 | N12: 0.39722222 | O12: =ARRAY_CONSTRAIN(ARRAYFORMULA(Q12+TIME(,OFFSET([2]Segment!$C$83,,$B12,),)), 1, 1) -> #ERROR! | P12: 2 | Q12: =O12+TIME(,P12,) -> #ERROR! | R12: 0.40694444 | S12: 0.41388889 | T12: 9 | U12: 0.42013889 | V12: =W12-X12 -> 69 | W12: =(U12-C12)*1440 -> 90 | X12: =K12+F12+T12+P12 -> 21 | Y12: =X12/V12 -> 0.30434783 | Z12: =(U12-U11)*1440 -> 30
B13: Morning | C13: 0.37847222 | D13: 0.38472222 | E13: =ARRAY_CONSTRAIN(ARRAYFORMULA(G13+TIME(,OFFSET([2]Segment!$C$77,,$B13,),)), 1, 1) -> #ERROR! | F13: 2 | G13: =E13+TIME(,F13,) -> #ERROR! | H13: 0.39305556 | I13: 0.39722222 | J13: 0.40277778 | K13: 8 | L13: 0.40833333 | M13: 0.41319444 | N13: 0.41805556 | O13: =ARRAY_CONSTRAIN(ARRAYFORMULA(Q13+TIME(,OFFSET([2]Segment!$C$83,,$B13,),)), 1, 1) -> #ERROR! | P13: 2 | Q13: =O13+TIME(,P13,) -> #ERROR! | R13: 0.42777778 | S13: 0.43472222 | T13: 9 | U13: 0.44097222 | V13: =W13-X13 -> 69 | W13: =(U13-C13)*1440 -> 90 | X13: =K13+F13+T13+P13 -> 21 | Y13: =X13/V13 -> 0.30434783 | Z13: =(U13-U12)*1440 -> 30
B14: Morning | C14: 0.39930556 | D14: 0.40555556 | E14: =ARRAY_CONSTRAIN(ARRAYFORMULA(G14+TIME(,OFFSET([2]Segment!$C$77,,$B14,),)), 1, 1) -> #ERROR! | F14: 2 | G14: =E14+TIME(,F14,) -> #ERROR! | H14: 0.41388889 | I14: 0.41805556 | J14: 0.42361111 | K14: 8 | L14: 0.42916667 | M14: 0.43402778 | N14: 0.43888889 | O14: =ARRAY_CONSTRAIN(ARRAYFORMULA(Q14+TIME(,OFFSET([2]Segment!$C$83,,$B14,),)), 1, 1) -> #ERROR! | P14: 2 | Q14: =O14+TIME(,P14,) -> #ERROR! | R14: 0.44861111 | S14: 0.45555556 | T14: 9 | U14: 0.46180556 | V14: =W14-X14 -> 69 | W14: =(U14-C14)*1440 -> 90 | X14: =K14+F14+T14+P14 -> 21 | Y14: =X14/V14 -> 0.30434783 | Z14: =(U14-U13)*1440 -> 30
B15: Morning | C15: 0.42013889 | D15: 0.42638889 | E15: =ARRAY_CONSTRAIN(ARRAYFORMULA(G15+TIME(,OFFSET([2]Segment!$C$77,,$B15,),)), 1, 1) -> #ERROR! | F15: 2 | G15: =E15+TIME(,F15,) -> #ERROR! | H15: 0.43472222 | I15: 0.43888889 | J15: 0.44444444 | K15: 8 | L15: 0.45 | M15: 0.45486111 | N15: 0.45972222 | O15: =ARRAY_CONSTRAIN(ARRAYFORMULA(Q15+TIME(,OFFSET([2]Segment!$C$83,,$B15,),)), 1, 1) -> #ERROR! | P15: 2 | Q15: =O15+TIME(,P15,) -> #ERROR! | R15: 0.46944444 | S15: 0.47638889 | T15: 9 | U15: 0.48263889 | V15: =W15-X15 -> 69 | W15: =(U15-C15)*1440 -> 90 | X15: =K15+F15+T15+P15 -> 21 | Y15: =X15/V15 -> 0.30434783 | Z15: =(U15-U14)*1440 -> 30
B16: Midday | C16: 0.44097222 | D16: 0.44791667 | E16: =ARRAY_CONSTRAIN(ARRAYFORMULA(G16+TIME(,OFFSET([2]Segment!$C$77,,$B16,),)), 1, 1) -> #ERROR! | F16: 2 | G16: =E16+TIME(,F16,) -> #ERROR! | H16: 0.45625 | I16: 0.46041667 | J16: 0.46597222 | K16: 7 | L16: 0.47083333 | M16: 0.47569444 | N16: 0.48055556 | O16: =ARRAY_CONSTRAIN(ARRAYFORMULA(Q16+TIME(,OFFSET([2]Segment!$C$83,,$B16,),)), 1, 1) -> #ERROR! | P16: 2 | Q16: =O16+TIME(,P16,) -> #ERROR! | R16: 0.49097222 | S16: 0.49861111 | T16: 7 | U16: 0.50347222 | V16: =W16-X16 -> 72 | W16: =(U16-C16)*1440 -> 90 | X16: =K16+F16+T16+P16 -> 18 | Y16: =X16/V16 -> 0.25 | Z16: =(U16-U15)*1440 -> 30
B17: Midday | C17: 0.46180556 | D17: 0.46875 | E17: =ARRAY_CONSTRAIN(ARRAYFORMULA(G17+TIME(,OFFSET([2]Segment!$C$77,,$B17,),)), 1, 1) -> #ERROR! | F17: 2 | G17: =E17+TIME(,F17,) -> #ERROR! | H17: 0.47708333 | I17: 0.48125 | J17: 0.48680556 | K17: 7 | L17: 0.49166667 | M17: 0.49652778 | N17: 0.50138889 | O17: =ARRAY_CONSTRAIN(ARRAYFORMULA(Q17+TIME(,OFFSET([2]Segment!$C$83,,$B17,),)), 1, 1) -> #ERROR! | P17: 2 | Q17: =O17+TIME(,P17,) -> #ERROR! | R17: 0.51180556 | S17: 0.51944444 | T17: 7 | U17: 0.52430556 | V17: =W17-X17 -> 72 | W17: =(U17-C17)*1440 -> 90 | X17: =K17+F17+T17+P17 -> 18 | Y17: =X17/V17 -> 0.25 | Z17: =(U17-U16)*1440 -> 30
B18: Midday | C18: 0.48263889 | D18: 0.48958333 | E18: =ARRAY_CONSTRAIN(ARRAYFORMULA(G18+TIME(,OFFSET([2]Segment!$C$77,,$B18,),)), 1, 1) -> #ERROR! | F18: 2 | G18: =E18+TIME(,F18,) -> #ERROR! | H18: 0.49791667 | I18: 0.50208333 | J18: 0.50763889 | K18: 7 | L18: 0.5125 | M18: 0.51736111 | N18: 0.52222222 | O18: =ARRAY_CONSTRAIN(ARRAYFORMULA(Q18+TIME(,OFFSET([2]Segment!$C$83,,$B18,),)), 1, 1) -> #ERROR! | P18: 2 | Q18: =O18+TIME(,P18,) -> #ERROR! | R18: 0.53263889 | S18: 0.54027778 | T18: 7 | U18: 0.54513889 | V18: =W18-X18 -> 72 | W18: =(U18-C18)*1440 -> 90 | X18: =K18+F18+T18+P18 -> 18 | Y18: =X18/V18 -> 0.25 | Z18: =(U18-U17)*1440 -> 30
B19: Midday | C19: 0.50347222 | D19: 0.51041667 | E19: =ARRAY_CONSTRAIN(ARRAYFORMULA(G19+TIME(,OFFSET([2]Segment!$C$77,,$B19,),)), 1, 1) -> #ERROR! | F19: 2 | G19: =E19+TIME(,F19,) -> #ERROR! | H19: 0.51875 | I19: 0.52291667 | J19: 0.52847222 | K19: 7 | L19: 0.53333333 | M19: 0.53819444 | N19: 0.54305556 | O19: =ARRAY_CONSTRAIN(ARRAYFORMULA(Q19+TIME(,OFFSET([2]Segment!$C$83,,$B19,),)), 1, 1) -> #ERROR! | P19: 2 | Q19: =O19+TIME(,P19,) -> #ERROR! | R19: 0.55347222 | S19: 0.56111111 | T19: 7 | U19: 0.56597222 | V19: =W19-X19 -> 72 | W19: =(U19-C19)*1440 -> 90 | X19: =K19+F19+T19+P19 -> 18 | Y19: =X19/V19 -> 0.25 | Z19: =(U19-U18)*1440 -> 30
B20: Midday | C20: 0.52430556 | D20: 0.53125 | E20: =ARRAY_CONSTRAIN(ARRAYFORMULA(G20+TIME(,OFFSET([2]Segment!$C$77,,$B20,),)), 1, 1) -> #ERROR! | F20: 2 | G20: =E20+TIME(,F20,) -> #ERROR! | H20: 0.53958333 | I20: 0.54375 | J20: 0.54930556 | K20: 7 | L20: 0.55416667 | M20: 0.55902778 | N20: 0.56388889 | O20: =ARRAY_CONSTRAIN(ARRAYFORMULA(Q20+TIME(,OFFSET([2]Segment!$C$83,,$B20,),)), 1, 1) -> #ERROR! | P20: 2 | Q20: =O20+TIME(,P20,) -> #ERROR! | R20: 0.57430556 | S20: 0.58194444 | T20: 7 | U20: 0.58680556 | V20: =W20-X20 -> 72 | W20: =(U20-C20)*1440 -> 90 | X20: =K20+F20+T20+P20 -> 18 | Y20: =X20/V20 -> 0.25 | Z20: =(U20-U19)*1440 -> 30
B21: Midday | C21: 0.54513889 | D21: 0.55208333 | E21: =ARRAY_CONSTRAIN(ARRAYFORMULA(G21+TIME(,OFFSET([2]Segment!$C$77,,$B21,),)), 1, 1) -> #ERROR! | F21: 2 | G21: =E21+TIME(,F21,) -> #ERROR! | H21: 0.56041667 | I21: 0.56458333 | J21: 0.57013889 | K21: 7 | L21: 0.575 | M21: 0.57986111 | N21: 0.58472222 | O21: =ARRAY_CONSTRAIN(ARRAYFORMULA(Q21+TIME(,OFFSET([2]Segment!$C$83,,$B21,),)), 1, 1) -> #ERROR! | P21: 2 | Q21: =O21+TIME(,P21,) -> #ERROR! | R21: 0.59513889 | S21: 0.60277778 | T21: 7 | U21: 0.60763889 | V21: =W21-X21 -> 72 | W21: =(U21-C21)*1440 -> 90 | X21: =K21+F21+T21+P21 -> 18 | Y21: =X21/V21 -> 0.25 | Z21: =(U21-U20)*1440 -> 30
... B30: Evening | C30: 0.73263889 | D30: 0.74027778 | E30: =ARRAY_CONSTRAIN(ARRAYFORMULA(G30+TIME(,OFFSET([2]Segment!$C$77,,$B30,),)), 1, 1) -> #ERROR! | F30: 2 | G30: =E30+TIME(,F30,) -> #ERROR! | H30: 0.74861111 | I30: 0.75277778 | J30: 0.75833333 | K30: 6 | L30: 0.7625 | M30: 0.76666667 | N30: 0.77083333 | O30: =ARRAY_CONSTRAIN(ARRAYFORMULA(Q30+TIME(,OFFSET([2]Segment!$C$83,,$B30,),)), 1, 1) -> #ERROR! | P30: 2 | Q30: =O30+TIME(,P30,) -> #ERROR! | R30: 0.77986111 | S30: 0.7875 | T30: 11 | U30: 0.79513889 | V30: =W30-X30 -> 69 | W30: =(U30-C30)*1440 -> 90 | X30: =K30+F30+T30+P30 -> 21 | Y30: =X30/V30 -> 0.30434783 | Z30: =(U30-U29)*1440 -> 30
B31: Evening | C31: 0.75347222 | D31: 0.76111111 | E31: =ARRAY_CONSTRAIN(ARRAYFORMULA(G31+TIME(,OFFSET([2]Segment!$C$77,,$B31,),)), 1, 1) -> #ERROR! | F31: 2 | G31: =E31+TIME(,F31,) -> #ERROR! | H31: 0.76944444 | I31: 0.77361111 | J31: 0.77916667 | K31: 6 | L31: 0.78333333 | M31: 0.7875 | N31: 0.79166667 | O31: =ARRAY_CONSTRAIN(ARRAYFORMULA(Q31+TIME(,OFFSET([2]Segment!$C$83,,$B31,),)), 1, 1) -> #ERROR! | P31: 2 | Q31: =O31+TIME(,P31,) -> #ERROR! | R31: 0.80069444 | S31: 0.80833333 | T31: 0 | U31: Block Ends | V31: =W31-X31 -> 69 | W31: =(S31-C31)*1440 -> 79 | X31: =K31+F31+T31+P31 -> 10 | Y31: =X31/V31 -> 0.14492754 | Z31: =(S31-S30)*1440 -> 30
B32: Evening | C32: 0.77430556 | D32: 0.78194444 | E32: =ARRAY_CONSTRAIN(ARRAYFORMULA(G32+TIME(,OFFSET([2]Segment!$C$77,,$B32,),)), 1, 1) -> #ERROR! | F32: 2 | G32: =E32+TIME(,F32,) -> #ERROR! | H32: 0.79027778 | I32: 0.79444444 | J32: 0.8 | K32: 6 | L32: 0.80416667 | M32: 0.80833333 | N32: 0.8125 | O32: =ARRAY_CONSTRAIN(ARRAYFORMULA(Q32+TIME(,OFFSET([2]Segment!$C$83,,$B32,),)), 1, 1) -> #ERROR! | P32: 2 | Q32: =O32+TIME(,P32,) -> #ERROR! | R32: 0.82152778 | S32: 0.82916667 | T32: 11 | U32: 0.83680556 | V32: =W32-X32 -> 69 | W32: =(U32-C32)*1440 -> 90 | X32: =K32+F32+T32+P32 -> 21 | Y32: =X32/V32 -> 0.30434783 | Z32: =(S32-S31)*1440 -> 30
B33: Evening | C33: 0.79513889 | D33: 0.80277778 | E33: =ARRAY_CONSTRAIN(ARRAYFORMULA(G33+TIME(,OFFSET([2]Segment!$C$77,,$B33,),)), 1, 1) -> #ERROR! | F33: 2 | G33: =E33+TIME(,F33,) -> #ERROR! | H33: 0.81111111 | I33: 0.81527778 | J33: 0.82083333 | K33: 6 | L33: 0.825 | M33: 0.82916667 | N33: 0.83333333 | O33: =ARRAY_CONSTRAIN(ARRAYFORMULA(Q33+TIME(,OFFSET([2]Segment!$C$83,,$B33,),)), 1, 1) -> #ERROR! | P33: 2 | Q33: =O33+TIME(,P33,) -> #ERROR! | R33: 0.84236111 | S33: 0.85 | T33: 11 | U33: 0.85763889 | V33: =W33-X33 -> 69 | W33: =(U33-C33)*1440 -> 90 | X33: =K33+F33+T33+P33 -> 21 | Y33: =X33/V33 -> 0.30434783 | Z33: =(U33-U32)*1440 -> 30
B34: Evening | C34: 0.83680556 | D34: 0.84444444 | E34: =ARRAY_CONSTRAIN(ARRAYFORMULA(G34+TIME(,OFFSET([2]Segment!$C$77,,$B34,),)), 1, 1) -> #ERROR! | F34: 2 | G34: =E34+TIME(,F34,) -> #ERROR! | H34: 0.85277778 | I34: 0.85694444 | J34: 0.8625 | K34: 6 | L34: 0.86666667 | M34: 0.87083333 | N34: 0.875 | O34: =ARRAY_CONSTRAIN(ARRAYFORMULA(Q34+TIME(,OFFSET([2]Segment!$C$83,,$B34,),)), 1, 1) -> #ERROR! | P34: 2 | Q34: =O34+TIME(,P34,) -> #ERROR! | R34: 0.88402778 | S34: 0.89166667 | T34: 11 | U34: 0.89930556 | V34: =W34-X34 -> 69 | W34: =(U34-C34)*1440 -> 90 | X34: =K34+F34+T34+P34 -> 21 | Y34: =X34/V34 -> 0.30434783 | Z34: =(U34-U33)*1440 -> 60
B35: Night | C35: 0.85763889 | D35: 0.86388889 | E35: =ARRAY_CONSTRAIN(ARRAYFORMULA(G35+TIME(,OFFSET([2]Segment!$C$77,,$B35,),)), 1, 1) -> #ERROR! | F35: 2 | G35: =E35+TIME(,F35,) -> #ERROR! | H35: 0.87222222 | I35: 0.87638889 | J35: 0.88194444 | K35: 8 | L35: 0.8875 | M35: 0.89166667 | N35: 0.89513889 | O35: =ARRAY_CONSTRAIN(ARRAYFORMULA(Q35+TIME(,OFFSET([2]Segment!$C$83,,$B35,),)), 1, 1) -> #ERROR! | P35: 2 | Q35: =O35+TIME(,P35,) -> #ERROR! | R35: 0.90555556 | S35: 0.91180556 | T35: 12 | U35: 0.92013889 | V35: =W35-X35 -> 66 | W35: =(U35-C35)*1440 -> 90 | X35: =K35+F35+T35+P35 -> 24 | Y35: =X35/V35 -> 0.36363636 | Z35: =(U35-U34)*1440 -> 30
B36: Night | C36: 0.89930556 | D36: 0.90555556 | E36: =ARRAY_CONSTRAIN(ARRAYFORMULA(G36+TIME(,OFFSET([2]Segment!$C$77,,$B36,),)), 1, 1) -> #ERROR! | F36: 2 | G36: =E36+TIME(,F36,) -> #ERROR! | H36: 0.91388889 | I36: 0.91805556 | J36: 0.92361111 | K36: 8 | L36: 0.92916667 | M36: 0.93333333 | N36: 0.93680556 | O36: =ARRAY_CONSTRAIN(ARRAYFORMULA(Q36+TIME(,OFFSET([2]Segment!$C$83,,$B36,),)), 1, 1) -> #ERROR! | P36: 2 | Q36: =O36+TIME(,P36,) -> #ERROR! | R36: 0.94722222 | S36: 0.95347222 | T36: 12 | U36: 0.96180556 | V36: =W36-X36 -> 66 | W36: =(U36-C36)*1440 -> 90 | X36: =K36+F36+T36+P36 -> 24 | Y36: =X36/V36 -> 0.36363636 | Z36: =(U36-U35)*1440 -> 60
B37: Night | C37: 0.92013889 | D37: 0.92638889 | E37: =ARRAY_CONSTRAIN(ARRAYFORMULA(G37+TIME(,OFFSET([2]Segment!$C$77,,$B37,),)), 1, 1) -> #ERROR! | F37: 2 | G37: =E37+TIME(,F37,) -> #ERROR! | H37: 0.93472222 | I37: 0.93888889 | J37: 0.94444444 | L37: Block Ends | V37: =W37-X37 -> 33 | W37: =(J37-C37)*1440 -> 35 | X37: =K37+F37+T37+P37 -> 2 | Y37: =X37/V37 -> 0.060606061 | Z37: =(J37-J36)*1440 -> 30
B38: Night | C38: 0.96180556 | D38: 0.96805556 | E38: =ARRAY_CONSTRAIN(ARRAYFORMULA(G38+TIME(,OFFSET([2]Segment!$C$77,,$B38,),)), 1, 1) -> #ERROR! | F38: 2 | G38: =E38+TIME(,F38,) -> #ERROR! | H38: 0.97638889 | I38: 0.98055556 | J38: 0.98611111 | L38: Block Ends | V38: =W38-X38 -> 33 | W38: =(J38-C38)*1440 -> 35 | X38: =K38+F38+T38+P38 -> 2 | Y38: =X38/V38 -> 0.060606061 | Z38: =(J38-J37)*1440 -> 60
F39: =SUM(F7:F38) -> 64 | K39: =SUM(K7:K38) -> 202 | P39: =SUM(P7:P38) -> 60 | S39: Service Hours | V39: =SUM(V5:V38)/60 -> 37.983333 | W39: =SUM(W5:W38)/60 -> 48.283333 | X39: =SUM(X5:X38)/60 -> 10.3 | Y39: =X39/V39 -> 0.27117157
S41: Service Hours
A42: Saturday
C43: Route 2A | L43: Route 2B
C44: DEPART | E44: ARRIVE | G44: DEPART | J44: ARRIVE | L44: DEPART | O44: ARRIVE | Q44: DEPART | S44: ARRIVE | U44: DEPART
B45: Stop Name | C45: Park Place | D45: Veteran's at Essa | E45: =E3 -> Cuthbert Street | G45: =G3 -> Cuthbert Street | H45: Sproule at Kraus | I45: Dunlop at Ferndale | J45: Downtown | L45: Downtown | M45: Ferndale Drive | N45: Sproule at Kraus | O45: =O3 -> Ferndale Woods Public School | Q45: =Q3 -> Ferndale Woods Public School | R45: Veteran's at Essa | S45: Park Place | U45: Park Place
B46: Stop ID | C46: 777 | D46: 662 | E46: =E4 -> 829 | F46: R | G46: =G4 -> 829 | H46: 627 | I46: 271 | J46: 1 | K46: R | L46: 1 | M46: 893 | N46: 626 | O46: =O4 -> 841 | P46: R | Q46: =Q4 -> 841 | R46: 847 | S46: 777 | T46: R | U46: 777 | V46: Travel Time | W46: Cycle Time | X46: R | Y46: R Ratio | Z46: Frequency | AD46: Headway Management
B47: Early Morning | H47: 0.26805556 | I47: 0.27222222 | J47: 0.27777778 | K47: 8 | L47: 0.28333333 | M47: 0.28819444 | N47: 0.29305556 | O47: =ARRAY_CONSTRAIN(ARRAYFORMULA(Q47+TIME(,OFFSET([2]Segment!$C$83,,$B47,),)), 1, 1) -> #ERROR! | P47: 2 | Q47: =O47+TIME(,P47,) -> #ERROR! | R47: 0.30277778 | S47: 0.30972222 | T47: 9 | U47: 0.31597222 | V47: =W47-X47 -> 50 | W47: =(U47-H47)*1440 -> 69 | X47: =K47+F47+T47+P47 -> 19 | Y47: =X47/V47 -> 0.38 | AD47: DT Connection
B48: Early Morning | H48: 0.28888889 | I48: 0.29305556 | J48: 0.29861111 | K48: 8 | L48: 0.30416667 | M48: 0.30902778 | N48: 0.31388889 | O48: =ARRAY_CONSTRAIN(ARRAYFORMULA(Q48+TIME(,OFFSET([2]Segment!$C$83,,$B48,),)), 1, 1) -> #ERROR! | P48: 2 | Q48: =O48+TIME(,P48,) -> #ERROR! | R48: 0.32361111 | S48: 0.33055556 | T48: 9 | U48: 0.33680556 | V48: =W48-X48 -> 50 | W48: =(U48-H48)*1440 -> 69 | X48: =K48+F48+T48+P48 -> 19 | Y48: =X48/V48 -> 0.38 | Z48: =(U48-U47)*1440 -> 30 | AD48: 400 Connection
B49: Morning | C49: 0.29513889 | D49: 0.30138889 | E49: =ARRAY_CONSTRAIN(ARRAYFORMULA(G49+TIME(,OFFSET([2]Segment!$C$77,,$B49,),)), 1, 1) -> #ERROR! | F49: 2 | G49: =E49+TIME(,F49,) -> #ERROR! | H49: 0.30972222 | I49: 0.31388889 | J49: 0.31944444 | K49: 8 | L49: 0.325 | M49: 0.32986111 | N49: 0.33472222 | O49: =ARRAY_CONSTRAIN(ARRAYFORMULA(Q49+TIME(,OFFSET([2]Segment!$C$83,,$B49,),)), 1, 1) -> #ERROR! | P49: 2 | Q49: =O49+TIME(,P49,) -> #ERROR! | R49: 0.34444444 | S49: 0.35138889 | T49: 9 | U49: 0.35763889 | V49: =W49-X49 -> 69 | W49: =(U49-C49)*1440 -> 90 | X49: =K49+F49+T49+P49 -> 21 | Y49: =X49/V49 -> 0.30434783 | Z49: =(U49-U48)*1440 -> 30 | AD49: GC Connection
B50: Morning | C50: 0.31597222 | D50: 0.32222222 | E50: =ARRAY_CONSTRAIN(ARRAYFORMULA(G50+TIME(,OFFSET([2]Segment!$C$77,,$B50,),)), 1, 1) -> #ERROR! | F50: 2 | G50: =E50+TIME(,F50,) -> #ERROR! | H50: 0.33055556 | I50: 0.33472222 | J50: 0.34027778 | K50: 8 | L50: 0.34583333 | M50: 0.35069444 | N50: 0.35555556 | O50: =ARRAY_CONSTRAIN(ARRAYFORMULA(Q50+TIME(,OFFSET([2]Segment!$C$83,,$B50,),)), 1, 1) -> #ERROR! | P50: 2 | Q50: =O50+TIME(,P50,) -> #ERROR! | R50: 0.36527778 | S50: 0.37222222 | T50: 9 | U50: 0.37847222 | V50: =W50-X50 -> 69 | W50: =(U50-C50)*1440 -> 90 | X50: =K50+F50+T50+P50 -> 21 | Y50: =X50/V50 -> 0.30434783 | Z50: =(U50-U49)*1440 -> 30 | AD50: GO Train
B51: Morning | C51: 0.33680556 | D51: 0.34305556 | E51: =ARRAY_CONSTRAIN(ARRAYFORMULA(G51+TIME(,OFFSET([2]Segment!$C$77,,$B51,),)), 1, 1) -> #ERROR! | F51: 2 | G51: =E51+TIME(,F51,) -> #ERROR! | H51: 0.35138889 | I51: 0.35555556 | J51: 0.36111111 | K51: 8 | L51: 0.36666667 | M51: 0.37152778 | N51: 0.37638889 | O51: =ARRAY_CONSTRAIN(ARRAYFORMULA(Q51+TIME(,OFFSET([2]Segment!$C$83,,$B51,),)), 1, 1) -> #ERROR! | P51: 2 | Q51: =O51+TIME(,P51,) -> #ERROR! | R51: 0.38611111 | S51: 0.39305556 | T51: 9 | U51: 0.39930556 | V51: =W51-X51 -> 69 | W51: =(U51-C51)*1440 -> 90 | X51: =K51+F51+T51+P51 -> 21 | Y51: =X51/V51 -> 0.30434783 | Z51: =(U51-U50)*1440 -> 30 | AD51: High School
B52: Morning | C52: 0.35763889 | D52: 0.36388889 | E52: =ARRAY_CONSTRAIN(ARRAYFORMULA(G52+TIME(,OFFSET([2]Segment!$C$77,,$B52,),)), 1, 1) -> #ERROR! | F52: 2 | G52: =E52+TIME(,F52,) -> #ERROR! | H52: 0.37222222 | I52: 0.37638889 | J52: 0.38194444 | K52: 8 | L52: 0.3875 | M52: 0.39236111 | N52: 0.39722222 | O52: =ARRAY_CONSTRAIN(ARRAYFORMULA(Q52+TIME(,OFFSET([2]Segment!$C$83,,$B52,),)), 1, 1) -> #ERROR! | P52: 2 | Q52: =O52+TIME(,P52,) -> #ERROR! | R52: 0.40694444 | S52: 0.41388889 | T52: 9 | U52: 0.42013889 | V52: =W52-X52 -> 69 | W52: =(U52-C52)*1440 -> 90 | X52: =K52+F52+T52+P52 -> 21 | Y52: =X52/V52 -> 0.30434783 | Z52: =(U52-U51)*1440 -> 30
B53: Morning | C53: 0.37847222 | D53: 0.38472222 | E53: =ARRAY_CONSTRAIN(ARRAYFORMULA(G53+TIME(,OFFSET([2]Segment!$C$77,,$B53,),)), 1, 1) -> #ERROR! | F53: 2 | G53: =E53+TIME(,F53,) -> #ERROR! | H53: 0.39305556 | I53: 0.39722222 | J53: 0.40277778 | K53: 8 | L53: 0.40833333 | M53: 0.41319444 | N53: 0.41805556 | O53: =ARRAY_CONSTRAIN(ARRAYFORMULA(Q53+TIME(,OFFSET([2]Segment!$C$83,,$B53,),)), 1, 1) -> #ERROR! | P53: 2 | Q53: =O53+TIME(,P53,) -> #ERROR! | R53: 0.42777778 | S53: 0.43472222 | T53: 9 | U53: 0.44097222 | V53: =W53-X53 -> 69 | W53: =(U53-C53)*1440 -> 90 | X53: =K53+F53+T53+P53 -> 21 | Y53: =X53/V53 -> 0.30434783 | Z53: =(U53-U52)*1440 -> 30
B54: Morning | C54: 0.39930556 | D54: 0.40555556 | E54: =ARRAY_CONSTRAIN(ARRAYFORMULA(G54+TIME(,OFFSET([2]Segment!$C$77,,$B54,),)), 1, 1) -> #ERROR! | F54: 2 | G54: =E54+TIME(,F54,) -> #ERROR! | H54: 0.41388889 | I54: 0.41805556 | J54: 0.42361111 | K54: 8 | L54: 0.42916667 | M54: 0.43402778 | N54: 0.43888889 | O54: =ARRAY_CONSTRAIN(ARRAYFORMULA(Q54+TIME(,OFFSET([2]Segment!$C$83,,$B54,),)), 1, 1) -> #ERROR! | P54: 2 | Q54: =O54+TIME(,P54,) -> #ERROR! | R54: 0.44861111 | S54: 0.45555556 | T54: 9 | U54: 0.46180556 | V54: =W54-X54 -> 69 | W54: =(U54-C54)*1440 -> 90 | X54: =K54+F54+T54+P54 -> 21 | Y54: =X54/V54 -> 0.30434783 | Z54: =(U54-U53)*1440 -> 30
B55: Morning | C55: 0.42013889 | D55: 0.42638889 | E55: =ARRAY_CONSTRAIN(ARRAYFORMULA(G55+TIME(,OFFSET([2]Segment!$C$77,,$B55,),)), 1, 1) -> #ERROR! | F55: 2 | G55: =E55+TIME(,F55,) -> #ERROR! | H55: 0.43472222 | I55: 0.43888889 | J55: 0.44444444 | K55: 8 | L55: 0.45 | M55: 0.45486111 | N55: 0.45972222 | O55: =ARRAY_CONSTRAIN(ARRAYFORMULA(Q55+TIME(,OFFSET([2]Segment!$C$83,,$B55,),)), 1, 1) -> #ERROR! | P55: 2 | Q55: =O55+TIME(,P55,) -> #ERROR! | R55: 0.46944444 | S55: 0.47638889 | T55: 9 | U55: 0.48263889 | V55: =W55-X55 -> 69 | W55: =(U55-C55)*1440 -> 90 | X55: =K55+F55+T55+P55 -> 21 | Y55: =X55/V55 -> 0.30434783 | Z55: =(U55-U54)*1440 -> 30
B56: Morning | C56: 0.44097222 | D56: 0.44722222 | E56: =ARRAY_CONSTRAIN(ARRAYFORMULA(G56+TIME(,OFFSET([2]Segment!$C$77,,$B56,),)), 1, 1) -> #ERROR! | F56: 2 | G56: =E56+TIME(,F56,) -> #ERROR! | H56: 0.45555556 | I56: 0.45972222 | J56: 0.46527778 | K56: 8 | L56: 0.47083333 | M56: 0.47569444 | N56: 0.48055556 | O56: =ARRAY_CONSTRAIN(ARRAYFORMULA(Q56+TIME(,OFFSET([2]Segment!$C$83,,$B56,),)), 1, 1) -> #ERROR! | P56: 2 | Q56: =O56+TIME(,P56,) -> #ERROR! | R56: 0.49027778 | S56: 0.49722222 | T56: 9 | U56: 0.50347222 | V56: =W56-X56 -> 69 | W56: =(U56-C56)*1440 -> 90 | X56: =K56+F56+T56+P56 -> 21 | Y56: =X56/V56 -> 0.30434783 | Z56: =(U56-U55)*1440 -> 30
B57: Morning | C57: 0.46180556 | D57: 0.46805556 | E57: =ARRAY_CONSTRAIN(ARRAYFORMULA(G57+TIME(,OFFSET([2]Segment!$C$77,,$B57,),)), 1, 1) -> #ERROR! | F57: 2 | G57: =E57+TIME(,F57,) -> #ERROR! | H57: 0.47638889 | I57: 0.48055556 | J57: 0.48611111 | K57: 8 | L57: 0.49166667 | M57: 0.49652778 | N57: 0.50138889 | O57: =ARRAY_CONSTRAIN(ARRAYFORMULA(Q57+TIME(,OFFSET([2]Segment!$C$83,,$B57,),)), 1, 1) -> #ERROR! | P57: 2 | Q57: =O57+TIME(,P57,) -> #ERROR! | R57: 0.51111111 | S57: 0.51805556 | T57: 9 | U57: 0.52430556 | V57: =W57-X57 -> 69 | W57: =(U57-C57)*1440 -> 90 | X57: =K57+F57+T57+P57 -> 21 | Y57: =X57/V57 -> 0.30434783 | Z57: =(U57-U56)*1440 -> 30
B58: Midday | C58: 0.48263889 | D58: 0.48958333 | E58: =ARRAY_CONSTRAIN(ARRAYFORMULA(G58+TIME(,OFFSET([2]Segment!$C$77,,$B58,),)), 1, 1) -> #ERROR! | F58: 2 | G58: =E58+TIME(,F58,) -> #ERROR! | H58: 0.49791667 | I58: 0.50208333 | J58: 0.50763889 | K58: 7 | L58: 0.5125 | M58: 0.51736111 | N58: 0.52222222 | O58: =ARRAY_CONSTRAIN(ARRAYFORMULA(Q58+TIME(,OFFSET([2]Segment!$C$83,,$B58,),)), 1, 1) -> #ERROR! | P58: 2 | Q58: =O58+TIME(,P58,) -> #ERROR! | R58: 0.53263889 | S58: 0.54027778 | T58: 7 | U58: 0.54513889 | V58: =W58-X58 -> 72 | W58: =(U58-C58)*1440 -> 90 | X58: =K58+F58+T58+P58 -> 18 | Y58: =X58/V58 -> 0.25 | Z58: =(U58-U57)*1440 -> 30
B59: Midday | C59: 0.50347222 | D59: 0.51041667 | E59: =ARRAY_CONSTRAIN(ARRAYFORMULA(G59+TIME(,OFFSET([2]Segment!$C$77,,$B59,),)), 1, 1) -> #ERROR! | F59: 2 | G59: =E59+TIME(,F59,) -> #ERROR! | H59: 0.51875 | I59: 0.52291667 | J59: 0.52847222 | K59: 7 | L59: 0.53333333 | M59: 0.53819444 | N59: 0.54305556 | O59: =ARRAY_CONSTRAIN(ARRAYFORMULA(Q59+TIME(,OFFSET([2]Segment!$C$83,,$B59,),)), 1, 1) -> #ERROR! | P59: 2 | Q59: =O59+TIME(,P59,) -> #ERROR! | R59: 0.55347222 | S59: 0.56111111 | T59: 7 | U59: 0.56597222 | V59: =W59-X59 -> 72 | W59: =(U59-C59)*1440 -> 90 | X59: =K59+F59+T59+P59 -> 18 | Y59: =X59/V59 -> 0.25 | Z59: =(U59-U58)*1440 -> 30
B60: Midday | C60: 0.52430556 | D60: 0.53125 | E60: =ARRAY_CONSTRAIN(ARRAYFORMULA(G60+TIME(,OFFSET([2]Segment!$C$77,,$B60,),)), 1, 1) -> #ERROR! | F60: 2 | G60: =E60+TIME(,F60,) -> #ERROR! | H60: 0.53958333 | I60: 0.54375 | J60: 0.54930556 | K60: 7 | L60: 0.55416667 | M60: 0.55902778 | N60: 0.56388889 | O60: =ARRAY_CONSTRAIN(ARRAYFORMULA(Q60+TIME(,OFFSET([2]Segment!$C$83,,$B60,),)), 1, 1) -> #ERROR! | P60: 2 | Q60: =O60+TIME(,P60,) -> #ERROR! | R60: 0.57430556 | S60: 0.58194444 | T60: 7 | U60: 0.58680556 | V60: =W60-X60 -> 72 | W60: =(U60-C60)*1440 -> 90 | X60: =K60+F60+T60+P60 -> 18 | Y60: =X60/V60 -> 0.25 | Z60: =(U60-U59)*1440 -> 30
B61: Midday | C61: 0.54513889 | D61: 0.55208333 | E61: =ARRAY_CONSTRAIN(ARRAYFORMULA(G61+TIME(,OFFSET([2]Segment!$C$77,,$B61,),)), 1, 1) -> #ERROR! | F61: 2 | G61: =E61+TIME(,F61,) -> #ERROR! | H61: 0.56041667 | I61: 0.56458333 | J61: 0.57013889 | K61: 7 | L61: 0.575 | M61: 0.57986111 | N61: 0.58472222 | O61: =ARRAY_CONSTRAIN(ARRAYFORMULA(Q61+TIME(,OFFSET([2]Segment!$C$83,,$B61,),)), 1, 1) -> #ERROR! | P61: 2 | Q61: =O61+TIME(,P61,) -> #ERROR! | R61: 0.59513889 | S61: 0.60277778 | T61: 7 | U61: 0.60763889 | V61: =W61-X61 -> 72 | W61: =(U61-C61)*1440 -> 90 | X61: =K61+F61+T61+P61 -> 18 | Y61: =X61/V61 -> 0.25 | Z61: =(U61-U60)*1440 -> 30
B62: Midday | C62: 0.56597222 | D62: 0.57291667 | E62: =ARRAY_CONSTRAIN(ARRAYFORMULA(G62+TIME(,OFFSET([2]Segment!$C$77,,$B62,),)), 1, 1) -> #ERROR! | F62: 2 | G62: =E62+TIME(,F62,) -> #ERROR! | H62: 0.58125 | I62: 0.58541667 | J62: 0.59097222 | K62: 7 | L62: 0.59583333 | M62: 0.60069444 | N62: 0.60555556 | O62: =ARRAY_CONSTRAIN(ARRAYFORMULA(Q62+TIME(,OFFSET([2]Segment!$C$83,,$B62,),)), 1, 1) -> #ERROR! | P62: 2 | Q62: =O62+TIME(,P62,) -> #ERROR! | R62: 0.61597222 | S62: 0.62361111 | T62: 7 | U62: 0.62847222 | V62: =W62-X62 -> 72 | W62: =(U62-C62)*1440 -> 90 | X62: =K62+F62+T62+P62 -> 18 | Y62: =X62/V62 -> 0.25 | Z62: =(U62-U61)*1440 -> 30
B63: Midday | C63: 0.58680556 | D63: 0.59375 | E63: =ARRAY_CONSTRAIN(ARRAYFORMULA(G63+TIME(,OFFSET([2]Segment!$C$77,,$B63,),)), 1, 1) -> #ERROR! | F63: 2 | G63: =E63+TIME(,F63,) -> #ERROR! | H63: 0.60208333 | I63: 0.60625 | J63: 0.61180556 | K63: 7 | L63: 0.61666667 | M63: 0.62152778 | N63: 0.62638889 | O63: =ARRAY_CONSTRAIN(ARRAYFORMULA(Q63+TIME(,OFFSET([2]Segment!$C$83,,$B63,),)), 1, 1) -> #ERROR! | P63: 2 | Q63: =O63+TIME(,P63,) -> #ERROR! | R63: 0.63680556 | S63: 0.64444444 | T63: 7 | U63: 0.64930556 | V63: =W63-X63 -> 72 | W63: =(U63-C63)*1440 -> 90 | X63: =K63+F63+T63+P63 -> 18 | Y63: =X63/V63 -> 0.25 | Z63: =(U63-U62)*1440 -> 30
... B70: Midday | C70: 0.73263889 | D70: 0.73958333 | E70: =ARRAY_CONSTRAIN(ARRAYFORMULA(G70+TIME(,OFFSET([2]Segment!$C$77,,$B70,),)), 1, 1) -> #ERROR! | F70: 2 | G70: =E70+TIME(,F70,) -> #ERROR! | H70: 0.74791667 | I70: 0.75208333 | J70: 0.75763889 | K70: 7 | L70: 0.7625 | M70: 0.76736111 | N70: 0.77222222 | O70: =ARRAY_CONSTRAIN(ARRAYFORMULA(Q70+TIME(,OFFSET([2]Segment!$C$83,,$B70,),)), 1, 1) -> #ERROR! | P70: 2 | Q70: =O70+TIME(,P70,) -> #ERROR! | R70: 0.78263889 | S70: 0.79027778 | T70: 7 | U70: 0.79513889 | V70: =W70-X70 -> 72 | W70: =(U70-C70)*1440 -> 90 | X70: =K70+F70+T70+P70 -> 18 | Y70: =X70/V70 -> 0.25 | Z70: =(U70-U69)*1440 -> 30
B71: Midday | C71: 0.75347222 | D71: 0.76041667 | E71: =ARRAY_CONSTRAIN(ARRAYFORMULA(G71+TIME(,OFFSET([2]Segment!$C$77,,$B71,),)), 1, 1) -> #ERROR! | F71: 2 | G71: =E71+TIME(,F71,) -> #ERROR! | H71: 0.76875 | I71: 0.77291667 | J71: 0.77847222 | K71: 7 | L71: 0.78333333 | M71: 0.78819444 | N71: 0.79305556 | O71: =ARRAY_CONSTRAIN(ARRAYFORMULA(Q71+TIME(,OFFSET([2]Segment!$C$83,,$B71,),)), 1, 1) -> #ERROR! | P71: 2 | Q71: =O71+TIME(,P71,) -> #ERROR! | R71: 0.80347222 | S71: 0.81111111 | U71: Block Ends | V71: =W71-X71 -> 72 | W71: =(S71-C71)*1440 -> 83 | X71: =K71+F71+T71+P71 -> 11 | Y71: =X71/V71 -> 0.15277778 | Z71: =(S71-S70)*1440 -> 30
B72: Evening | C72: 0.77430556 | D72: 0.78194444 | E72: =ARRAY_CONSTRAIN(ARRAYFORMULA(G72+TIME(,OFFSET([2]Segment!$C$77,,$B72,),)), 1, 1) -> #ERROR! | F72: 2 | G72: =E72+TIME(,F72,) -> #ERROR! | H72: 0.79027778 | I72: 0.79444444 | J72: 0.8 | K72: 6 | L72: 0.80416667 | M72: 0.80833333 | N72: 0.8125 | O72: =ARRAY_CONSTRAIN(ARRAYFORMULA(Q72+TIME(,OFFSET([2]Segment!$C$83,,$B72,),)), 1, 1) -> #ERROR! | P72: 2 | Q72: =O72+TIME(,P72,) -> #ERROR! | R72: 0.82152778 | S72: 0.82916667 | T72: 11 | U72: 0.83680556 | V72: =W72-X72 -> 69 | W72: =(U72-C72)*1440 -> 90 | X72: =K72+F72+T72+P72 -> 21 | Y72: =X72/V72 -> 0.30434783 | Z72: =(U72-U70)*1440 -> 60
B73: Evening | C73: 0.79513889 | D73: 0.80277778 | E73: =ARRAY_CONSTRAIN(ARRAYFORMULA(G73+TIME(,OFFSET([2]Segment!$C$77,,$B73,),)), 1, 1) -> #ERROR! | F73: 2 | G73: =E73+TIME(,F73,) -> #ERROR! | H73: 0.81111111 | I73: 0.81527778 | J73: 0.82083333 | K73: 6 | L73: 0.825 | M73: 0.82916667 | N73: 0.83333333 | O73: =ARRAY_CONSTRAIN(ARRAYFORMULA(Q73+TIME(,OFFSET([2]Segment!$C$83,,$B73,),)), 1, 1) -> #ERROR! | P73: 2 | Q73: =O73+TIME(,P73,) -> #ERROR! | R73: 0.84236111 | S73: 0.85 | T73: 11 | U73: 0.85763889 | V73: =W73-X73 -> 69 | W73: =(U73-C73)*1440 -> 90 | X73: =K73+F73+T73+P73 -> 21 | Y73: =X73/V73 -> 0.30434783 | Z73: =(S73-S72)*1440 -> 30
B74: Evening | C74: 0.83680556 | D74: 0.84444444 | E74: =ARRAY_CONSTRAIN(ARRAYFORMULA(G74+TIME(,OFFSET([2]Segment!$C$77,,$B74,),)), 1, 1) -> #ERROR! | F74: 2 | G74: =E74+TIME(,F74,) -> #ERROR! | H74: 0.85277778 | I74: 0.85694444 | J74: 0.8625 | K74: 6 | L74: 0.86666667 | M74: 0.87083333 | N74: 0.875 | O74: =ARRAY_CONSTRAIN(ARRAYFORMULA(Q74+TIME(,OFFSET([2]Segment!$C$83,,$B74,),)), 1, 1) -> #ERROR! | P74: 2 | Q74: =O74+TIME(,P74,) -> #ERROR! | R74: 0.88402778 | S74: 0.89166667 | T74: 11 | U74: 0.89930556 | V74: =W74-X74 -> 69 | W74: =(U74-C74)*1440 -> 90 | X74: =K74+F74+T74+P74 -> 21 | Y74: =X74/V74 -> 0.30434783 | Z74: =(S74-S73)*1440 -> 60
B75: Night | C75: 0.85763889 | D75: 0.86388889 | E75: =ARRAY_CONSTRAIN(ARRAYFORMULA(G75+TIME(,OFFSET([2]Segment!$C$77,,$B75,),)), 1, 1) -> #ERROR! | F75: 2 | G75: =E75+TIME(,F75,) -> #ERROR! | H75: 0.87222222 | I75: 0.87638889 | J75: 0.88194444 | K75: 8 | L75: 0.8875 | M75: 0.89166667 | N75: 0.89513889 | O75: =ARRAY_CONSTRAIN(ARRAYFORMULA(Q75+TIME(,OFFSET([2]Segment!$C$83,,$B75,),)), 1, 1) -> #ERROR! | P75: 2 | Q75: =O75+TIME(,P75,) -> #ERROR! | R75: 0.90555556 | S75: 0.91180556 | T75: 12 | U75: 0.92013889 | V75: =W75-X75 -> 66 | W75: =(U75-C75)*1440 -> 90 | X75: =K75+F75+T75+P75 -> 24 | Y75: =X75/V75 -> 0.36363636 | Z75: =(U75-U74)*1440 -> 30
B76: Night | C76: 0.89930556 | D76: 0.90555556 | E76: =ARRAY_CONSTRAIN(ARRAYFORMULA(G76+TIME(,OFFSET([2]Segment!$C$77,,$B76,),)), 1, 1) -> #ERROR! | F76: 2 | G76: =E76+TIME(,F76,) -> #ERROR! | H76: 0.91388889 | I76: 0.91805556 | J76: 0.92361111 | K76: 8 | L76: 0.92916667 | M76: 0.93333333 | N76: 0.93680556 | O76: =ARRAY_CONSTRAIN(ARRAYFORMULA(Q76+TIME(,OFFSET([2]Segment!$C$83,,$B76,),)), 1, 1) -> #ERROR! | P76: 2 | Q76: =O76+TIME(,P76,) -> #ERROR! | R76: 0.94722222 | S76: 0.95347222 | T76: 12 | U76: 0.96180556 | V76: =W76-X76 -> 66 | W76: =(U76-C76)*1440 -> 90 | X76: =K76+F76+T76+P76 -> 24 | Y76: =X76/V76 -> 0.36363636 | Z76: =(U76-U75)*1440 -> 60
B77: Night | C77: 0.92013889 | D77: 0.92638889 | E77: =ARRAY_CONSTRAIN(ARRAYFORMULA(G77+TIME(,OFFSET([2]Segment!$C$77,,$B77,),)), 1, 1) -> #ERROR! | F77: 2 | G77: =E77+TIME(,F77,) -> #ERROR! | H77: 0.93472222 | I77: 0.93888889 | J77: 0.94444444 | L77: Block Ends | V77: =W77-X77 -> 33 | W77: =(J77-C77)*1440 -> 35 | X77: =K77+F77+T77+P77 -> 2 | Y77: =X77/V77 -> 0.060606061 | Z77: =(J77-J76)*1440 -> 30
B78: Night | C78: 0.96180556 | D78: 0.96805556 | E78: =ARRAY_CONSTRAIN(ARRAYFORMULA(G78+TIME(,OFFSET([2]Segment!$C$77,,$B78,),)), 1, 1) -> #ERROR! | F78: 2 | G78: =E78+TIME(,F78,) -> #ERROR! | H78: 0.97638889 | I78: 0.98055556 | J78: 0.98611111 | L78: Block Ends | V78: =W78-X78 -> 33 | W78: =(J78-C78)*1440 -> 35 | X78: =K78+F78+T78+P78 -> 2 | Y78: =X78/V78 -> 0.060606061 | Z78: =(J78-J77)*1440 -> 60
F79: =SUM(F49:F78) -> 60 | K79: =SUM(K49:K78) -> 204 | P79: =SUM(P49:P78) -> 56 | S79: Service Hours | V79: =SUM(V47:V78)/60 -> 35.566667 | W79: =SUM(W47:W78)/60 -> 45.35 | X79: =SUM(X47:X78)/60 -> 9.7833333 | Y79: =X79/V79 -> 0.27507029
A80: Sunday
C81: Route 2A | L81: Route 2B
C82: DEPART | E82: ARRIVE | G82: DEPART | J82: ARRIVE | L82: DEPART | O82: ARRIVE | Q82: DEPART | S82: ARRIVE | U82: DEPART
B83: Stop Name | C83: Park Place | D83: Veteran's at Essa | E83: =E45 -> Cuthbert Street | G83: =G45 -> Cuthbert Street | H83: Sproule at Kraus | I83: Dunlop at Ferndale | J83: Downtown | L83: Downtown | M83: Ferndale Drive | N83: Sproule at Kraus | O83: =O45 -> Ferndale Woods Public School | Q83: =Q45 -> Ferndale Woods Public School | R83: Veteran's at Essa | S83: Park Place | U83: Park Place
B84: Stop ID | C84: 777 | D84: 662 | E84: =E46 -> 829 | F84: R | G84: =G46 -> 829 | H84: 627 | I84: 271 | J84: 1 | K84: R | L84: 1 | M84: 893 | N84: 626 | O84: =O46 -> 841 | P84: R | Q84: =Q46 -> 841 | R84: 847 | S84: 777 | T84: R | U84: 777 | V84: Travel Time | W84: Cycle Time | X84: R | Y84: R Ratio | Z84: Frequency
B85: Morning | H85: 0.35138889 | I85: 0.35555556 | J85: 0.36111111 | K85: 8 | L85: 0.36666667 | M85: 0.37152778 | N85: 0.37638889 | O85: =ARRAY_CONSTRAIN(ARRAYFORMULA(Q85+TIME(,OFFSET([2]Segment!$C$83,,$B85,),)), 1, 1) -> #ERROR! | P85: 2 | Q85: =O85+TIME(,P85,) -> #ERROR! | R85: 0.38611111 | S85: 0.39305556 | T85: 9 | U85: 0.39930556 | V85: =W85-X85 -> 50 | W85: =(U85-H85)*1440 -> 69 | X85: =K85+F85+T85+P85 -> 19 | Y85: =X85/V85 -> 0.38
B86: Morning | H86: 0.39305556 | I86: 0.39722222 | J86: 0.40277778 | K86: 8 | L86: 0.40833333 | M86: 0.41319444 | N86: 0.41805556 | O86: =ARRAY_CONSTRAIN(ARRAYFORMULA(Q86+TIME(,OFFSET([2]Segment!$C$83,,$B86,),)), 1, 1) -> #ERROR! | P86: 2 | Q86: =O86+TIME(,P86,) -> #ERROR! | R86: 0.42777778 | S86: 0.43472222 | T86: 9 | U86: 0.44097222 | V86: =W86-X86 -> 50 | W86: =(U86-H86)*1440 -> 69 | X86: =K86+F86+T86+P86 -> 19 | Y86: =X86/V86 -> 0.38 | Z86: =(U86-U85)*1440 -> 60
B87: Morning | C87: 0.39930556 | D87: 0.40555556 | E87: =ARRAY_CONSTRAIN(ARRAYFORMULA(G87+TIME(,OFFSET([2]Segment!$C$77,,$B87,),)), 1, 1) -> #ERROR! | F87: 2 | G87: =E87+TIME(,F87,) -> #ERROR! | H87: 0.41388889 | I87: 0.41805556 | J87: 0.42361111 | K87: 8 | L87: 0.42916667 | M87: 0.43402778 | N87: 0.43888889 | O87: =ARRAY_CONSTRAIN(ARRAYFORMULA(Q87+TIME(,OFFSET([2]Segment!$C$83,,$B87,),)), 1, 1) -> #ERROR! | P87: 2 | Q87: =O87+TIME(,P87,) -> #ERROR! | R87: 0.44861111 | S87: 0.45555556 | T87: 9 | U87: 0.46180556 | V87: =W87-X87 -> 69 | W87: =(U87-C87)*1440 -> 90 | X87: =K87+F87+T87+P87 -> 21 | Y87: =X87/V87 -> 0.30434783 | Z87: =(U87-U86)*1440 -> 30
B88: Morning | C88: 0.44097222 | D88: 0.44722222 | E88: =ARRAY_CONSTRAIN(ARRAYFORMULA(G88+TIME(,OFFSET([2]Segment!$C$77,,$B88,),)), 1, 1) -> #ERROR! | F88: 2 | G88: =E88+TIME(,F88,) -> #ERROR! | H88: 0.45555556 | I88: 0.45972222 | J88: 0.46527778 | K88: 8 | L88: 0.47083333 | M88: 0.47569444 | N88: 0.48055556 | O88: =ARRAY_CONSTRAIN(ARRAYFORMULA(Q88+TIME(,OFFSET([2]Segment!$C$83,,$B88,),)), 1, 1) -> #ERROR! | P88: 2 | Q88: =O88+TIME(,P88,) -> #ERROR! | R88: 0.49027778 | S88: 0.49722222 | T88: 9 | U88: 0.50347222 | V88: =W88-X88 -> 69 | W88: =(U88-C88)*1440 -> 90 | X88: =K88+F88+T88+P88 -> 21 | Y88: =X88/V88 -> 0.30434783 | Z88: =(U88-U87)*1440 -> 60
B89: Midday | C89: 0.46180556 | D89: 0.46875 | E89: =ARRAY_CONSTRAIN(ARRAYFORMULA(G89+TIME(,OFFSET([2]Segment!$C$77,,$B89,),)), 1, 1) -> #ERROR! | F89: 2 | G89: =E89+TIME(,F89,) -> #ERROR! | H89: 0.47708333 | I89: 0.48125 | J89: 0.48680556 | K89: 7 | L89: 0.49166667 | M89: 0.49652778 | N89: 0.50138889 | O89: =ARRAY_CONSTRAIN(ARRAYFORMULA(Q89+TIME(,OFFSET([2]Segment!$C$83,,$B89,),)), 1, 1) -> #ERROR! | P89: 2 | Q89: =O89+TIME(,P89,) -> #ERROR! | R89: 0.51180556 | S89: 0.51944444 | T89: 7 | U89: 0.52430556 | V89: =W89-X89 -> 72 | W89: =(U89-C89)*1440 -> 90 | X89: =K89+F89+T89+P89 -> 18 | Y89: =X89/V89 -> 0.25 | Z89: =(U89-U88)*1440 -> 30
B90: Midday | C90: 0.50347222 | D90: 0.51041667 | E90: =ARRAY_CONSTRAIN(ARRAYFORMULA(G90+TIME(,OFFSET([2]Segment!$C$77,,$B90,),)), 1, 1) -> #ERROR! | F90: 2 | G90: =E90+TIME(,F90,) -> #ERROR! | H90: 0.51875 | I90: 0.52291667 | J90: 0.52847222 | K90: 7 | L90: 0.53333333 | M90: 0.53819444 | N90: 0.54305556 | O90: =ARRAY_CONSTRAIN(ARRAYFORMULA(Q90+TIME(,OFFSET([2]Segment!$C$83,,$B90,),)), 1, 1) -> #ERROR! | P90: 2 | Q90: =O90+TIME(,P90,) -> #ERROR! | R90: 0.55347222 | S90: 0.56111111 | T90: 7 | U90: 0.56597222 | V90: =W90-X90 -> 72 | W90: =(U90-C90)*1440 -> 90 | X90: =K90+F90+T90+P90 -> 18 | Y90: =X90/V90 -> 0.25 | Z90: =(U90-U89)*1440 -> 60
B91: Midday | C91: 0.52430556 | D91: 0.53125 | E91: =ARRAY_CONSTRAIN(ARRAYFORMULA(G91+TIME(,OFFSET([2]Segment!$C$77,,$B91,),)), 1, 1) -> #ERROR! | F91: 2 | G91: =E91+TIME(,F91,) -> #ERROR! | H91: 0.53958333 | I91: 0.54375 | J91: 0.54930556 | K91: 7 | L91: 0.55416667 | M91: 0.55902778 | N91: 0.56388889 | O91: =ARRAY_CONSTRAIN(ARRAYFORMULA(Q91+TIME(,OFFSET([2]Segment!$C$83,,$B91,),)), 1, 1) -> #ERROR! | P91: 2 | Q91: =O91+TIME(,P91,) -> #ERROR! | R91: 0.57430556 | S91: 0.58194444 | T91: 7 | U91: 0.58680556 | V91: =W91-X91 -> 72 | W91: =(U91-C91)*1440 -> 90 | X91: =K91+F91+T91+P91 -> 18 | Y91: =X91/V91 -> 0.25 | Z91: =(U91-U90)*1440 -> 30
B92: Midday | C92: 0.56597222 | D92: 0.57291667 | E92: =ARRAY_CONSTRAIN(ARRAYFORMULA(G92+TIME(,OFFSET([2]Segment!$C$77,,$B92,),)), 1, 1) -> #ERROR! | F92: 2 | G92: =E92+TIME(,F92,) -> #ERROR! | H92: 0.58125 | I92: 0.58541667 | J92: 0.59097222 | K92: 7 | L92: 0.59583333 | M92: 0.60069444 | N92: 0.60555556 | O92: =ARRAY_CONSTRAIN(ARRAYFORMULA(Q92+TIME(,OFFSET([2]Segment!$C$83,,$B92,),)), 1, 1) -> #ERROR! | P92: 2 | Q92: =O92+TIME(,P92,) -> #ERROR! | R92: 0.61597222 | S92: 0.62361111 | T92: 7 | U92: 0.62847222 | V92: =W92-X92 -> 72 | W92: =(U92-C92)*1440 -> 90 | X92: =K92+F92+T92+P92 -> 18 | Y92: =X92/V92 -> 0.25 | Z92: =(U92-U91)*1440 -> 60
B93: Midday | C93: 0.58680556 | D93: 0.59375 | E93: =ARRAY_CONSTRAIN(ARRAYFORMULA(G93+TIME(,OFFSET([2]Segment!$C$77,,$B93,),)), 1, 1) -> #ERROR! | F93: 2 | G93: =E93+TIME(,F93,) -> #ERROR! | H93: 0.60208333 | I93: 0.60625 | J93: 0.61180556 | K93: 7 | L93: 0.61666667 | M93: 0.62152778 | N93: 0.62638889 | O93: =ARRAY_CONSTRAIN(ARRAYFORMULA(Q93+TIME(,OFFSET([2]Segment!$C$83,,$B93,),)), 1, 1) -> #ERROR! | P93: 2 | Q93: =O93+TIME(,P93,) -> #ERROR! | R93: 0.63680556 | S93: 0.64444444 | T93: 7 | U93: 0.64930556 | V93: =W93-X93 -> 72 | W93: =(U93-C93)*1440 -> 90 | X93: =K93+F93+T93+P93 -> 18 | Y93: =X93/V93 -> 0.25 | Z93: =(U93-U92)*1440 -> 30
B94: Midday | C94: 0.62847222 | D94: 0.63541667 | E94: =ARRAY_CONSTRAIN(ARRAYFORMULA(G94+TIME(,OFFSET([2]Segment!$C$77,,$B94,),)), 1, 1) -> #ERROR! | F94: 2 | G94: =E94+TIME(,F94,) -> #ERROR! | H94: 0.64375 | I94: 0.64791667 | J94: 0.65347222 | K94: 7 | L94: 0.65833333 | M94: 0.66319444 | N94: 0.66805556 | O94: =ARRAY_CONSTRAIN(ARRAYFORMULA(Q94+TIME(,OFFSET([2]Segment!$C$83,,$B94,),)), 1, 1) -> #ERROR! | P94: 2 | Q94: =O94+TIME(,P94,) -> #ERROR! | R94: 0.67847222 | S94: 0.68611111 | T94: 7 | U94: 0.69097222 | V94: =W94-X94 -> 72 | W94: =(U94-C94)*1440 -> 90 | X94: =K94+F94+T94+P94 -> 18 | Y94: =X94/V94 -> 0.25 | Z94: =(U94-U93)*1440 -> 60
B95: Midday | C95: 0.64930556 | D95: 0.65625 | E95: =ARRAY_CONSTRAIN(ARRAYFORMULA(G95+TIME(,OFFSET([2]Segment!$C$77,,$B95,),)), 1, 1) -> #ERROR! | F95: 2 | G95: =E95+TIME(,F95,) -> #ERROR! | H95: 0.66458333 | I95: 0.66875 | J95: 0.67430556 | K95: 7 | L95: 0.67916667 | M95: 0.68402778 | N95: 0.68888889 | O95: =ARRAY_CONSTRAIN(ARRAYFORMULA(Q95+TIME(,OFFSET([2]Segment!$C$83,,$B95,),)), 1, 1) -> #ERROR! | P95: 2 | Q95: =O95+TIME(,P95,) -> #ERROR! | R95: 0.69930556 | S95: 0.70694444 | T95: 7 | U95: 0.71180556 | V95: =W95-X95 -> 72 | W95: =(U95-C95)*1440 -> 90 | X95: =K95+F95+T95+P95 -> 18 | Y95: =X95/V95 -> 0.25 | Z95: =(U95-U94)*1440 -> 30
B96: Midday | C96: 0.69097222 | D96: 0.69791667 | E96: =ARRAY_CONSTRAIN(ARRAYFORMULA(G96+TIME(,OFFSET([2]Segment!$C$77,,$B96,),)), 1, 1) -> #ERROR! | F96: 2 | G96: =E96+TIME(,F96,) -> #ERROR! | H96: 0.70625 | I96: 0.71041667 | J96: 0.71597222 | K96: 7 | L96: 0.72083333 | M96: 0.72569444 | N96: 0.73055556 | O96: =ARRAY_CONSTRAIN(ARRAYFORMULA(Q96+TIME(,OFFSET([2]Segment!$C$83,,$B96,),)), 1, 1) -> #ERROR! | P96: 2 | Q96: =O96+TIME(,P96,) -> #ERROR! | R96: 0.74097222 | S96: 0.74861111 | T96: 7 | U96: 0.75347222 | V96: =W96-X96 -> 72 | W96: =(U96-C96)*1440 -> 90 | X96: =K96+F96+T96+P96 -> 18 | Y96: =X96/V96 -> 0.25 | Z96: =(U96-U95)*1440 -> 60
B97: Midday | C97: 0.71180556 | D97: 0.71875 | E97: =ARRAY_CONSTRAIN(ARRAYFORMULA(G97+TIME(,OFFSET([2]Segment!$C$77,,$B97,),)), 1, 1) -> #ERROR! | F97: 2 | G97: =E97+TIME(,F97,) -> #ERROR! | H97: 0.72708333 | I97: 0.73125 | J97: 0.73680556 | K97: 7 | L97: 0.74166667 | M97: 0.74652778 | N97: 0.75138889 | O97: =ARRAY_CONSTRAIN(ARRAYFORMULA(Q97+TIME(,OFFSET([2]Segment!$C$83,,$B97,),)), 1, 1) -> #ERROR! | P97: 2 | Q97: =O97+TIME(,P97,) -> #ERROR! | R97: 0.76180556 | S97: 0.76944444 | T97: 7 | U97: 0.77430556 | V97: =W97-X97 -> 72 | W97: =(U97-C97)*1440 -> 90 | X97: =K97+F97+T97+P97 -> 18 | Y97: =X97/V97 -> 0.25 | Z97: =(U97-U96)*1440 -> 30
B98: Evening | C98: 0.75347222 | D98: 0.76111111 | E98: =ARRAY_CONSTRAIN(ARRAYFORMULA(G98+TIME(,OFFSET([2]Segment!$C$77,,$B98,),)), 1, 1) -> #ERROR! | F98: 2 | G98: =E98+TIME(,F98,) -> #ERROR! | H98: 0.76944444 | I98: 0.77361111 | J98: 0.77916667 | K98: 6 | L98: 0.78333333 | M98: 0.7875 | N98: 0.79166667 | O98: =ARRAY_CONSTRAIN(ARRAYFORMULA(Q98+TIME(,OFFSET([2]Segment!$C$83,,$B98,),)), 1, 1) -> #ERROR! | P98: 2 | Q98: =O98+TIME(,P98,) -> #ERROR! | R98: 0.80069444 | S98: 0.80833333 | T98: 11 | U98: 0.81597222 | V98: =W98-X98 -> 69 | W98: =(U98-C98)*1440 -> 90 | X98: =K98+F98+T98+P98 -> 21 | Y98: =X98/V98 -> 0.30434783 | Z98: =(U98-U97)*1440 -> 60
... B101: Night | C101: 0.83680556 | D101: 0.84305556 | E101: =ARRAY_CONSTRAIN(ARRAYFORMULA(G101+TIME(,OFFSET([2]Segment!$C$77,,$B101,),)), 1, 1) -> #ERROR! | F101: 2 | G101: =E101+TIME(,F101,) -> #ERROR! | H101: 0.85138889 | I101: 0.85555556 | J101: 0.86111111 | K101: 8 | L101: 0.86666667 | M101: 0.87083333 | N101: 0.87430556 | O101: =ARRAY_CONSTRAIN(ARRAYFORMULA(Q101+TIME(,OFFSET([2]Segment!$C$83,,$B101,),)), 1, 1) -> #ERROR! | P101: 2 | Q101: =O101+TIME(,P101,) -> #ERROR! | R101: 0.88472222 | S101: 0.89097222 | T101: 12 | U101: 0.89930556 | V101: =W101-X101 -> 66 | W101: =(U101-C101)*1440 -> 90 | X101: =K101+F101+T101+P101 -> 24 | Y101: =X101/V101 -> 0.36363636 | Z101: =(U101-U100)*1440 -> 30
B102: Night | C102: 0.87847222 | D102: 0.88472222 | E102: =ARRAY_CONSTRAIN(ARRAYFORMULA(G102+TIME(,OFFSET([2]Segment!$C$77,,$B102,),)), 1, 1) -> #ERROR! | F102: 2 | G102: =E102+TIME(,F102,) -> #ERROR! | H102: 0.89305556 | I102: 0.89722222 | J102: 0.90277778 | K102: 8 | L102: 0.90833333 | M102: 0.9125 | N102: 0.91597222 | O102: =ARRAY_CONSTRAIN(ARRAYFORMULA(Q102+TIME(,OFFSET([2]Segment!$C$83,,$B102,),)), 1, 1) -> #ERROR! | P102: 2 | Q102: =O102+TIME(,P102,) -> #ERROR! | R102: 0.92638889 | S102: 0.93263889 | U102: Block Ends | V102: =W102-X102 -> 66 | W102: =(S102-C102)*1440 -> 78 | X102: =K102+F102+T102+P102 -> 12 | Y102: =X102/V102 -> 0.18181818 | Z102: =(S102-S101)*1440 -> 60
B103: Night | C103: 0.89930556 | D103: 0.90555556 | E103: =ARRAY_CONSTRAIN(ARRAYFORMULA(G103+TIME(,OFFSET([2]Segment!$C$77,,$B103,),)), 1, 1) -> #ERROR! | F103: 2 | G103: =E103+TIME(,F103,) -> #ERROR! | H103: 0.91388889 | I103: 0.91805556 | J103: 0.92361111 | L103: Block Ends | V103: =W103-X103 -> 33 | W103: =(J103-C103)*1440 -> 35 | X103: =K103+F103+T103+P103 -> 2 | Y103: =X103/V103 -> 0.060606061 | Z103: =(J103-J102)*1440 -> 30
F104: =SUM(F87:F103) -> 34 | K104: =SUM(K87:K103) -> 113 | P104: =SUM(P87:P103) -> 32 | S104: Service Hours | V104: =SUM(V85:V103)/60 -> 20.966667 | W104: =SUM(W85:W103)/60 -> 26.683333 | X104: =SUM(X85:X103)/60 -> 5.7166667 | Y104: =X104/V104 -> 0.27265501
C108: August 2025 Update Moved the timing point to Ferndale Woods Public School from Manhatten Homes

Sheet 7
A1: Weekday | C1: 7A | O1: 7B
C2: DEPART | D2: ARRIVE | E2: R | F2: DEPART | G2: ARRIVE | H2: R | I2: DEPART | J2: ARRIVE | K2: R | L2: DEPART | N2: ARRIVE | O2: R | P2: DEPART | Q2: ARRIVE | R2: R | S2: DEPART | T2: ARRIVE | U2: R | V2: DEPART | X2: R | Y2: DEPART | Z2: ARRIVE | AA2: R | AB2: DEPART
B3: Stop Name | C3: Park Place | D3: Peggy Hill Community Centre | F3: Peggy Hill Community Centre | G3: Allandale GO Station | I3: Allandale GO Station | J3: Downtown | L3: Downtown | M3: Georgian College | N3: Rose Street | P3: Rose Street | Q3: Downtown | S3: Downtown | T3: Allandale GO Station | V3: Allandale GO Station | W3: Peggy Hill Community Centre | Y3: Peggy Hill Community Centre | Z3: Park Place | AB3: Park Place
B4: Stop ID | C4: 777 | D4: 487 | F4: 487 | G4: 732 | I4: 732 | J4: 1 | L4: 1 | M4: 330 | N4: 251 | P4: 251 | Q4: 1 | S4: 1 | T4: 732 | V4: 732 | W4: 488 | Y4: 487 | Z4: 777 | AB4: 777 | AC4: Travel Time | AD4: Cycle Time | AE4: R | AF4: R Ratio (15% Target) | AG4: Frequency
B5: Early Morning | M5: 0.22847222 | N5: 0.22986111 | O5: 2 | P5: 0.23125 | Q5: 0.23680556 | R5: 4 | S5: 0.23958333 | T5: 0.24375 | U5: 3 | V5: 0.24583333 | W5: 0.25763889 | X5: 0 | Y5: 0.25763889 | Z5: 0.26875 | AA5: 6 | AB5: 0.27291667 | AC5: =AD5-AE5 -> 49 | AD5: =(AB5-M5)*1440 -> 64 | AE5: =U5+R5+O5+K5+AA5+E5+H5+X5 -> 15 | AF5: =AE5/AC5 -> 0.30612245 | AI5: Headway Management
B6: Early Morning | M6: 0.24930556 | N6: 0.25069444 | O6: 2 | P6: 0.25208333 | Q6: 0.25763889 | R6: 3 | S6: 0.25972222 | T6: 0.26388889 | U6: 2 | V6: 0.26527778 | W6: 0.27708333 | X6: 0 | Y6: 0.27708333 | Z6: 0.28819444 | AB6: 0.28819444 | AC6: =AD6-AE6 -> 49 | AD6: =(AB6-M6)*1440 -> 56 | AE6: =U6+R6+O6+K6+AA6+E6+H6+X6 -> 7 | AF6: =AE6/AC6 -> 0.14285714 | AG6: =(AB6-AB5)*1440 -> 22 | AI6: Dt Connection
B7: Early Morning | C7: 0.23125 | D7: 0.24236111 | E7: 0 | F7: 0.24236111 | G7: 0.25416667 | H7: 3 | I7: 0.25625 | J7: 0.25972222 | K7: 3 | L7: 0.26180556 | M7: 0.26944444 | N7: 0.27083333 | O7: 2 | P7: 0.27222222 | Q7: 0.27777778 | R7: 5 | S7: 0.28125 | T7: 0.28541667 | U7: 3 | V7: 0.2875 | W7: 0.29930556 | X7: 0 | Y7: 0.29930556 | Z7: 0.31041667 | AA7: 3 | AB7: 0.3125 | AC7: =AD7-AE7 -> 98 | AD7: =(AB7-C7)*1440 -> 117 | AE7: =U7+R7+O7+K7+AA7+E7+H7+X7 -> 19 | AF7: =AE7/AC7 -> 0.19387755 | AG7: =(AB7-AB6)*1440 -> 35 | AI7: 400 Connection
B8: Early Morning | C8: 0.25208333 | D8: 0.26319444 | E8: 0 | F8: 0.26319444 | G8: 0.275 | H8: 3 | I8: 0.27708333 | J8: 0.28055556 | K8: 3 | L8: 0.28263889 | M8: 0.29027778 | N8: 0.29166667 | O8: 2 | P8: 0.29305556 | Q8: 0.29861111 | R8: 5 | S8: 0.30208333 | T8: 0.30625 | U8: 3 | V8: 0.30833333 | W8: 0.32013889 | X8: 0 | Y8: 0.32013889 | Z8: 0.33125 | AA8: 6 | AB8: 0.33541667 | AC8: =AD8-AE8 -> 98 | AD8: =(AB8-C8)*1440 -> 120 | AE8: =U8+R8+O8+K8+AA8+E8+H8+X8 -> 22 | AF8: =AE8/AC8 -> 0.2244898 | AG8: =(AB8-AB7)*1440 -> 33 | AI8: GC Connection
B9: Morning | C9: 0.27291667 | D9: 0.28541667 | E9: 0 | F9: 0.28541667 | G9: 0.29722222 | H9: 2 | I9: 0.29861111 | J9: 0.30208333 | K9: 1 | L9: 0.30277778 | M9: 0.31180556 | N9: 0.31319444 | O9: 0 | P9: 0.31319444 | Q9: 0.32083333 | R9: 4 | S9: 0.32361111 | T9: 0.32777778 | U9: 3 | V9: 0.32986111 | W9: 0.34166667 | X9: 0 | Y9: 0.34166667 | Z9: 0.35416667 | AA9: 2 | AB9: 0.35555556 | AC9: =AD9-AE9 -> 107 | AD9: =(AB9-C9)*1440 -> 119 | AE9: =U9+R9+O9+K9+AA9+E9+H9+X9 -> 12 | AF9: =AE9/AC9 -> 0.11214953 | AG9: =(AB9-AB8)*1440 -> 29 | AI9: GO Train
B10: Morning | C10: 0.28819444 | D10: 0.30069444 | E10: 0 | F10: 0.30069444 | G10: 0.3125 | H10: 2 | I10: 0.31388889 | J10: 0.31736111 | K10: 1 | L10: 0.31805556 | M10: 0.32708333 | N10: 0.32847222 | O10: 2 | P10: 0.32986111 | Q10: 0.3375 | R10: 4 | S10: 0.34027778 | T10: 0.34444444 | U10: 3 | V10: 0.34652778 | W10: 0.35833333 | X10: 0 | Y10: 0.35833333 | Z10: 0.37083333 | AA10: 8 | AB10: 0.37638889 | AC10: =AD10-AE10 -> 107 | AD10: =(AB10-C10)*1440 -> 127 | AE10: =U10+R10+O10+K10+AA10+E10+H10+X10 -> 20 | AF10: =AE10/AC10 -> 0.18691589 | AG10: =(AB10-AB9)*1440 -> 30 | AI10: High School
B11: Morning | C11: 0.3125 | D11: 0.325 | E11: 0 | F11: 0.325 | G11: 0.33680556 | H11: 2 | I11: 0.33819444 | J11: 0.34166667 | K11: 5 | L11: 0.34513889 | M11: 0.35416667 | N11: 0.35555556 | O11: 0 | P11: 0.35555556 | Q11: 0.36319444 | R11: 3 | S11: 0.36527778 | T11: 0.36944444 | U11: 3 | V11: 0.37152778 | W11: 0.38333333 | X11: 0 | Y11: 0.38333333 | Z11: 0.39583333 | AA11: 2 | AB11: 0.39722222 | AC11: =AD11-AE11 -> 107 | AD11: =(AB11-C11)*1440 -> 122 | AE11: =U11+R11+O11+K11+AA11+E11+H11+X11 -> 15 | AF11: =AE11/AC11 -> 0.14018692 | AG11: =(AB11-AB10)*1440 -> 30 | AI11: Ridership Med (Over 40)
B12: Morning | C12: 0.33541667 | D12: 0.34791667 | E12: 0 | F12: 0.34791667 | G12: 0.35972222 | H12: 2 | I12: 0.36111111 | J12: 0.36458333 | K12: 2 | L12: 0.36597222 | M12: 0.375 | N12: 0.37638889 | O12: 0 | P12: 0.37638889 | Q12: 0.38402778 | R12: 4 | S12: 0.38680556 | T12: 0.39097222 | U12: 2 | V12: 0.39236111 | W12: 0.40416667 | X12: 0 | Y12: 0.40416667 | Z12: 0.41666667 | AA12: 2 | AB12: 0.41805556 | AC12: =AD12-AE12 -> 107 | AD12: =(AB12-C12)*1440 -> 119 | AE12: =U12+R12+O12+K12+AA12+E12+H12+X12 -> 12 | AF12: =AE12/AC12 -> 0.11214953 | AG12: =(AB12-AB11)*1440 -> 30 | AI12: Ridership High (Over 50)
B13: Midday | C13: 0.35555556 | D13: 0.36805556 | E13: 0 | F13: 0.36805556 | G13: 0.37986111 | H13: 3 | I13: 0.38194444 | J13: 0.38541667 | K13: 2 | L13: 0.38680556 | M13: 0.39583333 | N13: 0.39722222 | O13: 0 | P13: 0.39722222 | Q13: 0.40486111 | R13: 3 | S13: 0.40694444 | T13: 0.41111111 | U13: 2 | V13: 0.4125 | W13: 0.42430556 | X13: 0 | Y13: 0.42430556 | Z13: 0.43680556 | AA13: 3 | AB13: 0.43888889 | AC13: =AD13-AE13 -> 107 | AD13: =(AB13-C13)*1440 -> 120 | AE13: =U13+R13+O13+K13+AA13+E13+H13+X13 -> 13 | AF13: =AE13/AC13 -> 0.12149533 | AG13: =(AB13-AB12)*1440 -> 30
B14: Midday | C14: 0.37638889 | D14: 0.38888889 | E14: 0 | F14: 0.38888889 | G14: 0.40069444 | H14: 3 | I14: 0.40277778 | J14: 0.40625 | K14: 2 | L14: 0.40763889 | M14: 0.41666667 | N14: 0.41805556 | O14: 0 | P14: 0.41805556 | Q14: 0.42569444 | R14: 3 | S14: 0.42777778 | T14: 0.43194444 | U14: 2 | V14: 0.43333333 | W14: 0.44513889 | X14: 0 | Y14: 0.44513889 | Z14: 0.45763889 | AA14: 3 | AB14: 0.45972222 | AC14: =AD14-AE14 -> 107 | AD14: =(AB14-C14)*1440 -> 120 | AE14: =U14+R14+O14+K14+AA14+E14+H14+X14 -> 13 | AF14: =AE14/AC14 -> 0.12149533 | AG14: =(AB14-AB13)*1440 -> 30
B15: Midday | C15: 0.39722222 | D15: 0.40972222 | E15: 0 | F15: 0.40972222 | G15: 0.42152778 | H15: 3 | I15: 0.42361111 | J15: 0.42708333 | K15: 2 | L15: 0.42847222 | M15: 0.4375 | N15: 0.43888889 | O15: 0 | P15: 0.43888889 | Q15: 0.44652778 | R15: 3 | S15: 0.44861111 | T15: 0.45277778 | U15: 2 | V15: 0.45416667 | W15: 0.46597222 | X15: 0 | Y15: 0.46597222 | Z15: 0.47847222 | AA15: 3 | AB15: 0.48055556 | AC15: =AD15-AE15 -> 107 | AD15: =(AB15-C15)*1440 -> 120 | AE15: =U15+R15+O15+K15+AA15+E15+H15+X15 -> 13 | AF15: =AE15/AC15 -> 0.12149533 | AG15: =(AB15-AB14)*1440 -> 30
B16: Midday | C16: 0.41805556 | D16: 0.43055556 | E16: 0 | F16: 0.43055556 | G16: 0.44236111 | H16: 3 | I16: 0.44444444 | J16: 0.44791667 | K16: 2 | L16: 0.44930556 | M16: 0.45833333 | N16: 0.45972222 | O16: 0 | P16: 0.45972222 | Q16: 0.46736111 | R16: 3 | S16: 0.46944444 | T16: 0.47361111 | U16: 2 | V16: 0.475 | W16: 0.48680556 | X16: 0 | Y16: 0.48680556 | Z16: 0.49930556 | AA16: 3 | AB16: 0.50138889 | AC16: =AD16-AE16 -> 107 | AD16: =(AB16-C16)*1440 -> 120 | AE16: =U16+R16+O16+K16+AA16+E16+H16+X16 -> 13 | AF16: =AE16/AC16 -> 0.12149533 | AG16: =(AB16-AB15)*1440 -> 30
B17: Midday | C17: 0.43888889 | D17: 0.45138889 | E17: 0 | F17: 0.45138889 | G17: 0.46319444 | H17: 3 | I17: 0.46527778 | J17: 0.46875 | K17: 2 | L17: 0.47013889 | M17: 0.47916667 | N17: 0.48055556 | O17: 0 | P17: 0.48055556 | Q17: 0.48819444 | R17: 3 | S17: 0.49027778 | T17: 0.49444444 | U17: 2 | V17: 0.49583333 | W17: 0.50763889 | X17: 0 | Y17: 0.50763889 | Z17: 0.52013889 | AA17: 3 | AB17: 0.52222222 | AC17: =AD17-AE17 -> 107 | AD17: =(AB17-C17)*1440 -> 120 | AE17: =U17+R17+O17+K17+AA17+E17+H17+X17 -> 13 | AF17: =AE17/AC17 -> 0.12149533 | AG17: =(AB17-AB16)*1440 -> 30
B18: Midday | C18: 0.45972222 | D18: 0.47222222 | E18: 0 | F18: 0.47222222 | G18: 0.48402778 | H18: 3 | I18: 0.48611111 | J18: 0.48958333 | K18: 2 | L18: 0.49097222 | M18: 0.5 | N18: 0.50138889 | O18: 0 | P18: 0.50138889 | Q18: 0.50902778 | R18: 3 | S18: 0.51111111 | T18: 0.51527778 | U18: 2 | V18: 0.51666667 | W18: 0.52847222 | X18: 0 | Y18: 0.52847222 | Z18: 0.54097222 | AA18: 3 | AB18: 0.54305556 | AC18: =AD18-AE18 -> 107 | AD18: =(AB18-C18)*1440 -> 120 | AE18: =U18+R18+O18+K18+AA18+E18+H18+X18 -> 13 | AF18: =AE18/AC18 -> 0.12149533 | AG18: =(AB18-AB17)*1440 -> 30
B19: Midday | C19: 0.48055556 | D19: 0.49305556 | E19: 0 | F19: 0.49305556 | G19: 0.50486111 | H19: 3 | I19: 0.50694444 | J19: 0.51041667 | K19: 2 | L19: 0.51180556 | M19: 0.52083333 | N19: 0.52222222 | O19: 0 | P19: 0.52222222 | Q19: 0.52986111 | R19: 3 | S19: 0.53194444 | T19: 0.53611111 | U19: 2 | V19: 0.5375 | W19: 0.54930556 | X19: 0 | Y19: 0.54930556 | Z19: 0.56180556 | AA19: 1 | AB19: 0.5625 | AC19: =AD19-AE19 -> 107 | AD19: =(AB19-C19)*1440 -> 118 | AE19: =U19+R19+O19+K19+AA19+E19+H19+X19 -> 11 | AF19: =AE19/AC19 -> 0.10280374 | AG19: =(AB19-AB18)*1440 -> 28
B20: Midday | C20: 0.50138889 | D20: 0.51388889 | E20: 0 | F20: 0.51388889 | G20: 0.52569444 | H20: 3 | I20: 0.52777778 | J20: 0.53125 | K20: 2 | L20: 0.53263889 | M20: 0.54166667 | N20: 0.54305556 | O20: 0 | P20: 0.54305556 | Q20: 0.55069444 | R20: 3 | S20: 0.55277778 | T20: 0.55694444 | U20: 2 | V20: 0.55833333 | W20: 0.57013889 | X20: 0 | Y20: 0.57013889 | Z20: 0.58263889 | AA20: 1 | AB20: 0.58333333 | AC20: =AD20-AE20 -> 107 | AD20: =(AB20-C20)*1440 -> 118 | AE20: =U20+R20+O20+K20+AA20+E20+H20+X20 -> 11 | AF20: =AE20/AC20 -> 0.10280374 | AG20: =(AB20-AB19)*1440 -> 30
B21: Midday | C21: 0.52222222 | D21: 0.53472222 | E21: 0 | F21: 0.53472222 | G21: 0.54652778 | H21: 3 | I21: 0.54861111 | J21: 0.55208333 | K21: 2 | L21: 0.55347222 | M21: 0.5625 | N21: 0.56388889 | O21: 0 | P21: 0.56388889 | Q21: 0.57152778 | R21: 3 | S21: 0.57361111 | T21: 0.57777778 | U21: 3 | V21: 0.57986111 | W21: 0.59166667 | X21: 0 | Y21: 0.59166667 | Z21: 0.60416667 | AA21: 0 | AB21: 0.60416667 | AC21: =AD21-AE21 -> 107 | AD21: =(AB21-C21)*1440 -> 118 | AE21: =U21+R21+O21+K21+AA21+E21+H21+X21 -> 11 | AF21: =AE21/AC21 -> 0.10280374 | AG21: =(AB21-AB20)*1440 -> 30
B22: Midday | C22: 0.54305556 | D22: 0.55555556 | E22: 0 | F22: 0.55555556 | G22: 0.56736111 | H22: 3 | I22: 0.56944444 | J22: 0.57291667 | K22: 2 | L22: 0.57430556 | M22: 0.58333333 | N22: 0.58472222 | O22: 0 | P22: 0.58472222 | Q22: 0.59236111 | R22: 3 | S22: 0.59444444 | T22: 0.59861111 | U22: 2 | V22: 0.6 | W22: 0.61180556 | X22: 0 | Y22: 0.61180556 | Z22: 0.62430556 | AA22: 1 | AB22: 0.625 | AC22: =AD22-AE22 -> 107 | AD22: =(AB22-C22)*1440 -> 118 | AE22: =U22+R22+O22+K22+AA22+E22+H22+X22 -> 11 | AF22: =AE22/AC22 -> 0.10280374 | AG22: =(AB22-AB21)*1440 -> 30
B23: Peak | C23: 0.5625 | D23: 0.57569444 | E23: 0 | F23: 0.57569444 | G23: 0.5875 | H23: 2 | I23: 0.58888889 | J23: 0.59305556 | K23: 2 | L23: 0.59444444 | M23: 0.60416667 | N23: 0.60555556 | O23: 0 | P23: 0.60555556 | Q23: 0.61388889 | R23: 3 | S23: 0.61597222 | T23: 0.62013889 | U23: 1 | V23: 0.62083333 | W23: 0.63263889 | X23: 0 | Y23: 0.63263889 | Z23: 0.64513889 | AA23: 1 | AB23: 0.64583333 | AC23: =AD23-AE23 -> 111 | AD23: =(AB23-C23)*1440 -> 120 | AE23: =U23+R23+O23+K23+AA23+E23+H23+X23 -> 9 | AF23: =AE23/AC23 -> 0.081081081 | AG23: =(AB23-AB22)*1440 -> 30
B24: Peak | C24: 0.58333333 | D24: 0.59652778 | E24: 0 | F24: 0.59652778 | G24: 0.60833333 | H24: 2 | I24: 0.60972222 | J24: 0.61388889 | K24: 2 | L24: 0.61527778 | M24: 0.625 | N24: 0.62638889 | O24: 0 | P24: 0.62638889 | Q24: 0.63472222 | R24: 3 | S24: 0.63680556 | T24: 0.64097222 | U24: 1 | V24: 0.64166667 | W24: 0.65347222 | X24: 0 | Y24: 0.65347222 | Z24: 0.66597222 | AA24: 1 | AB24: 0.66666667 | AC24: =AD24-AE24 -> 111 | AD24: =(AB24-C24)*1440 -> 120 | AE24: =U24+R24+O24+K24+AA24+E24+H24+X24 -> 9 | AF24: =AE24/AC24 -> 0.081081081 | AG24: =(AB24-AB23)*1440 -> 30
... B29: Midday | C29: 0.68888889 | D29: 0.70138889 | E29: 0 | F29: 0.70138889 | G29: 0.71319444 | H29: 2 | I29: 0.71458333 | J29: 0.71805556 | K29: 3 | L29: 0.72013889 | M29: 0.72916667 | N29: 0.73055556 | O29: 0 | P29: 0.73055556 | Q29: 0.73819444 | R29: 3 | S29: 0.74027778 | T29: 0.74444444 | U29: 2 | V29: 0.74583333 | W29: 0.75763889 | X29: 0 | Y29: 0.75763889 | Z29: 0.77013889 | AA29: 4 | AB29: 0.77291667 | AC29: =AD29-AE29 -> 107 | AD29: =(AB29-C29)*1440 -> 121 | AE29: =U29+R29+O29+K29+AA29+E29+H29+X29 -> 14 | AF29: =AE29/AC29 -> 0.13084112 | AG29: =(AB29-AB28)*1440 -> 30
B30: Midday | C30: 0.70972222 | D30: 0.72222222 | E30: 0 | F30: 0.72222222 | G30: 0.73402778 | H30: 2 | I30: 0.73541667 | J30: 0.73888889 | K30: 3 | L30: 0.74097222 | M30: 0.75 | N30: 0.75138889 | O30: 0 | P30: 0.75138889 | Q30: 0.75902778 | R30: 3 | S30: 0.76111111 | T30: 0.76527778 | U30: 5 | V30: 0.76875 | W30: 0.78055556 | X30: 0 | Y30: 0.78055556 | Z30: 0.79305556 | AC30: =AD30-AE30 -> 107 | AD30: =(Z30-C30)*1440 -> 120 | AE30: =U30+R30+O30+K30+AA30+E30+H30+X30 -> 13 | AF30: =AE30/AC30 -> 0.12149533 | AG30: =(Z30-Z29)*1440 -> 33
B31: Evening | C31: 0.73125 | D31: 0.74375 | E31: 0 | F31: 0.74375 | G31: 0.75486111 | H31: 3 | I31: 0.75694444 | J31: 0.76041667 | K31: 3 | L31: 0.7625 | M31: 0.77013889 | N31: 0.77152778 | O31: 2 | P31: 0.77291667 | Q31: 0.77916667 | R31: 5 | S31: 0.78263889 | T31: 0.78680556 | U31: 5 | V31: 0.79027778 | W31: 0.80208333 | X31: 0 | Y31: 0.80208333 | Z31: 0.81458333 | AA31: 0 | AB31: 0.81458333 | AC31: =AD31-AE31 -> 102 | AD31: =(AB31-C31)*1440 -> 120 | AE31: =U31+R31+O31+K31+AA31+E31+H31+X31 -> 18 | AF31: =AE31/AC31 -> 0.17647059 | AG31: =(Z31-Z30)*1440 -> 31
B32: Evening | C32: 0.75208333 | D32: 0.76458333 | E32: 0 | F32: 0.76458333 | G32: 0.77569444 | H32: 3 | I32: 0.77777778 | J32: 0.78125 | K32: 3 | L32: 0.78333333 | M32: 0.79097222 | N32: 0.79236111 | O32: 2 | P32: 0.79375 | Q32: 0.8 | R32: 4 | S32: 0.80277778 | T32: 0.80694444 | U32: 2 | V32: 0.80833333 | W32: 0.82013889 | X32: 0 | Y32: 0.82013889 | Z32: 0.83263889 | AC32: =AD32-AE32 -> 102 | AD32: =(Z32-C32)*1440 -> 116 | AE32: =U32+R32+O32+K32+AA32+E32+H32+X32 -> 14 | AF32: =AE32/AC32 -> 0.1372549 | AG32: =(Z32-Z31)*1440 -> 26
B33: Evening | C33: 0.77291667 | D33: 0.78541667 | E33: 0 | F33: 0.78541667 | G33: 0.79652778 | H33: 3 | I33: 0.79861111 | J33: 0.80208333 | K33: 3 | L33: 0.80416667 | M33: 0.81180556 | N33: 0.81319444 | O33: 2 | P33: 0.81458333 | Q33: 0.82083333 | R33: 4 | S33: 0.82361111 | T33: 0.82777778 | U33: 2 | V33: 0.82916667 | W33: 0.84097222 | X33: 0 | Y33: 0.84097222 | Z33: 0.85347222 | AA33: 5 | AB33: 0.85694444 | AC33: =AD33-AE33 -> 102 | AD33: =(AB33-C33)*1440 -> 121 | AE33: =U33+R33+O33+K33+AA33+E33+H33+X33 -> 19 | AF33: =AE33/AC33 -> 0.18627451 | AG33: =(AB33-AB31)*1440 -> 61
B34: Evening | C34: 0.81458333 | D34: 0.82708333 | E34: 0 | F34: 0.82708333 | G34: 0.83819444 | H34: 3 | I34: 0.84027778 | J34: 0.84375 | K34: 3 | L34: 0.84583333 | M34: 0.85347222 | N34: 0.85486111 | O34: 2 | P34: 0.85625 | Q34: 0.8625 | R34: 4 | S34: 0.86527778 | T34: 0.86944444 | U34: 2 | V34: 0.87083333 | W34: 0.88263889 | X34: 0 | Y34: 0.88263889 | Z34: 0.89513889 | AA34: 5 | AB34: 0.89861111 | AC34: =AD34-AE34 -> 102 | AD34: =(AB34-C34)*1440 -> 121 | AE34: =U34+R34+O34+K34+AA34+E34+H34+X34 -> 19 | AF34: =AE34/AC34 -> 0.18627451 | AG34: =(AB34-AB33)*1440 -> 60
B35: Night | C35: 0.85694444 | D35: 0.86875 | E35: 0 | F35: 0.86875 | G35: 0.87986111 | H35: 3 | I35: 0.88194444 | J35: 0.88541667 | K35: 3 | L35: 0.8875 | M35: 0.89513889 | N35: 0.89652778 | O35: 2 | P35: 0.89791667 | Q35: 0.90416667 | R35: 4 | S35: 0.90694444 | T35: 0.91111111 | U35: 2 | V35: 0.9125 | W35: 0.92430556 | X35: 0 | Y35: 0.92430556 | Z35: 0.93541667 | AA35: 7 | AB35: 0.94027778 | AC35: =AD35-AE35 -> 99 | AD35: =(AB35-C35)*1440 -> 120 | AE35: =U35+R35+O35+K35+AA35+E35+H35+X35 -> 21 | AF35: =AE35/AC35 -> 0.21212121 | AG35: =(AB35-AB34)*1440 -> 60
B36: Night | C36: 0.89861111 | D36: 0.91041667 | E36: 0 | F36: 0.91041667 | G36: 0.92152778 | H36: 3 | I36: 0.92361111 | J36: 0.92708333 | K36: 3 | L36: 0.92916667 | M36: 0.93680556 | N36: 0.93819444 | O36: 2 | P36: 0.93958333 | Q36: 0.94583333 | R36: 4 | S36: 0.94861111 | T36: 0.95277778 | U36: 2 | V36: 0.95416667 | W36: 0.96597222 | X36: 0 | Y36: 0.96597222 | Z36: 0.97708333 | AA36: 7 | AB36: 0.98194444 | AC36: =AD36-AE36 -> 99 | AD36: =(AB36-C36)*1440 -> 120 | AE36: =U36+R36+O36+K36+AA36+E36+H36+X36 -> 21 | AF36: =AE36/AC36 -> 0.21212121 | AG36: =(AB36-AB35)*1440 -> 60
B37: Night | C37: 0.94027778 | D37: 0.95208333 | E37: 0 | F37: 0.95208333 | G37: 0.96319444 | H37: 3 | I37: 0.96527778 | J37: 0.96875 | K37: 3 | L37: 0.97083333 | M37: 0.97847222 | N37: 0.97986111 | O37: 2 | P37: 0.98125 | Q37: 0.9875 | AC37: =AD37-AE37 -> 60 | AD37: =(Q37-C37)*1440 -> 68 | AE37: =U37+R37+O37+K37+AA37+E37+H37+X37 -> 8 | AF37: =AE37/AC37 -> 0.13333333 | AG37: =(M37-M36)*1440 -> 60
B38: Night | C38: 0.98194444 | D38: 0.99375 | E38: 0 | F38: 0.99375 | G38: 1.0048611 | H38: 3 | I38: 1.0069444 | J38: 1.0104167 | K38: 3 | L38: 1.0125 | M38: 1.0201389 | AC38: =AD38-AE38 -> 49 | AD38: =(M38-C38)*1440 -> 55 | AE38: =U38+R38+O38+K38+AA38+E38+H38+X38 -> 6 | AF38: =AE38/AC38 -> 0.12244898 | AG38: =(M38-M37)*1440 -> 60
Z39: Service Hours | AC39: =SUM(AC5:AC38)/60 -> 56.45 | AD39: =SUM(AD5:AD38)/60 -> 64.133333 | AE39: =SUM(AE5:AE38)/60 -> 7.6833333 | AF39: =AE39/AC39 -> 0.13610865
A40: Saturday
C41: Route 7A | O41: Route 7B
C42: DEPART | D42: ARRIVE | E42: R | F42: DEPART | G42: ARRIVE | H42: R | I42: DEPART | J42: ARRIVE | K42: R | L42: DEPART | N42: ARRIVE | O42: R | P42: DEPART | Q42: ARRIVE | R42: R | S42: DEPART | T42: ARRIVE | U42: R | V42: DEPART | X42: R | Y42: DEPART | Z42: ARRIVE | AA42: R | AB42: DEPART
B43: Stop Name | C43: Park Place | D43: Peggy Hill Community Centre | F43: Peggy Hill Community Centre | G43: Allandale GO Station | I43: Allandale GO Station | J43: Downtown | L43: Downtown | M43: Georgian College | N43: Rose Street | P43: Rose Street | Q43: Downtown | S43: Downtown | T43: Allandale GO Station | V43: Allandale GO Station | W43: Peggy Hill Community Centre | Y43: Peggy Hill Community Centre | Z43: Park Place | AB43: Park Place
B44: Stop ID | C44: 777 | D44: 487 | F44: 487 | G44: 732 | I44: 732 | J44: 1 | L44: 1 | M44: 330 | N44: 251 | P44: 251 | Q44: 1 | S44: 1 | T44: 732 | V44: 732 | W44: 488 | Y44: 487 | Z44: 777 | AB44: 777 | AC44: Travel Time | AD44: Cycle Time | AE44: R | AF44: R Ratio (15% Target) | AG44: Frequency
B45: Early Morning | M45: 0.26944444 | N45: 0.27083333 | O45: 2 | P45: 0.27222222 | Q45: 0.27777778 | R45: 5 | S45: 0.28125 | T45: 0.28541667 | U45: 3 | V45: 0.2875 | W45: 0.29930556 | Y45: 0.29930556 | Z45: 0.31041667 | AA45: 6 | AB45: 0.31458333 | AC45: =AD45-AE45 -> 49 | AD45: =(AB45-M45)*1440 -> 65 | AE45: =U45+R45+O45+K45+AA45+E45+H45+X45 -> 16 | AF45: =AE45/AC45 -> 0.32653061
B46: Early Morning | M46: 0.29027778 | N46: 0.29166667 | O46: 2 | P46: 0.29305556 | Q46: 0.29861111 | R46: 5 | S46: 0.30208333 | T46: 0.30625 | U46: 3 | V46: 0.30833333 | W46: 0.32013889 | Y46: 0.32013889 | Z46: 0.33125 | AA46: 6 | AB46: 0.33541667 | AC46: =AD46-AE46 -> 49 | AD46: =(AB46-M46)*1440 -> 65 | AE46: =U46+R46+O46+K46+AA46+E46+H46+X46 -> 16 | AF46: =AE46/AC46 -> 0.32653061 | AG46: =(AB46-AB45)*1440 -> 30
B47: Morning | C47: 0.27291667 | D47: 0.28541667 | E47: 0 | F47: 0.28541667 | G47: 0.29722222 | H47: 2 | I47: 0.29861111 | J47: 0.30208333 | K47: 2 | L47: 0.30347222 | M47: 0.3125 | N47: 0.31388889 | O47: 0 | P47: 0.31388889 | Q47: 0.32152778 | R47: 4 | S47: 0.32430556 | T47: 0.32847222 | U47: 3 | V47: 0.33055556 | W47: 0.34236111 | X47: 0 | Y47: 0.34236111 | Z47: 0.35486111 | AA47: 2 | AB47: 0.35625 | AC47: =AD47-AE47 -> 107 | AD47: =(AB47-C47)*1440 -> 120 | AE47: =U47+R47+O47+K47+AA47+E47+H47+X47 -> 13 | AF47: =AE47/AC47 -> 0.12149533 | AG47: =(AB47-AB46)*1440 -> 30
B48: Morning | C48: 0.29375 | D48: 0.30625 | E48: 0 | F48: 0.30625 | G48: 0.31805556 | H48: 2 | I48: 0.31944444 | J48: 0.32291667 | K48: 2 | L48: 0.32430556 | M48: 0.33333333 | N48: 0.33472222 | O48: 0 | P48: 0.33472222 | Q48: 0.34236111 | R48: 4 | S48: 0.34513889 | T48: 0.34930556 | U48: 3 | V48: 0.35138889 | W48: 0.36319444 | X48: 0 | Y48: 0.36319444 | Z48: 0.37569444 | AA48: 2 | AB48: 0.37708333 | AC48: =AD48-AE48 -> 107 | AD48: =(AB48-C48)*1440 -> 120 | AE48: =U48+R48+O48+K48+AA48+E48+H48+X48 -> 13 | AF48: =AE48/AC48 -> 0.12149533 | AG48: =(AB48-AB47)*1440 -> 30
B49: Morning | C49: 0.31458333 | D49: 0.32708333 | E49: 0 | F49: 0.32708333 | G49: 0.33888889 | H49: 2 | I49: 0.34027778 | J49: 0.34375 | K49: 2 | L49: 0.34513889 | M49: 0.35416667 | N49: 0.35555556 | O49: 0 | P49: 0.35555556 | Q49: 0.36319444 | R49: 4 | S49: 0.36597222 | T49: 0.37013889 | U49: 3 | V49: 0.37222222 | W49: 0.38402778 | X49: 0 | Y49: 0.38402778 | Z49: 0.39652778 | AA49: 2 | AB49: 0.39791667 | AC49: =AD49-AE49 -> 107 | AD49: =(AB49-C49)*1440 -> 120 | AE49: =U49+R49+O49+K49+AA49+E49+H49+X49 -> 13 | AF49: =AE49/AC49 -> 0.12149533 | AG49: =(AB49-AB48)*1440 -> 30
B50: Morning | C50: 0.33541667 | D50: 0.34791667 | E50: 0 | F50: 0.34791667 | G50: 0.35972222 | H50: 2 | I50: 0.36111111 | J50: 0.36458333 | K50: 2 | L50: 0.36597222 | M50: 0.375 | N50: 0.37638889 | O50: 0 | P50: 0.37638889 | Q50: 0.38402778 | R50: 4 | S50: 0.38680556 | T50: 0.39097222 | U50: 3 | V50: 0.39305556 | W50: 0.40486111 | X50: 0 | Y50: 0.40486111 | Z50: 0.41736111 | AA50: 2 | AB50: 0.41875 | AC50: =AD50-AE50 -> 107 | AD50: =(AB50-C50)*1440 -> 120 | AE50: =U50+R50+O50+K50+AA50+E50+H50+X50 -> 13 | AF50: =AE50/AC50 -> 0.12149533 | AG50: =(AB50-AB49)*1440 -> 30
B51: Midday | C51: 0.35625 | D51: 0.36875 | E51: 0 | F51: 0.36875 | G51: 0.38055556 | H51: 3 | I51: 0.38263889 | J51: 0.38611111 | K51: 2 | L51: 0.3875 | M51: 0.39652778 | N51: 0.39791667 | O51: 0 | P51: 0.39791667 | Q51: 0.40555556 | R51: 3 | S51: 0.40763889 | T51: 0.41180556 | U51: 2 | V51: 0.41319444 | W51: 0.425 | X51: 0 | Y51: 0.425 | Z51: 0.4375 | AA51: 3 | AB51: 0.43958333 | AC51: =AD51-AE51 -> 107 | AD51: =(AB51-C51)*1440 -> 120 | AE51: =U51+R51+O51+K51+AA51+E51+H51+X51 -> 13 | AF51: =AE51/AC51 -> 0.12149533 | AG51: =(AB51-AB50)*1440 -> 30
B52: Midday | C52: 0.37708333 | D52: 0.38958333 | E52: 0 | F52: 0.38958333 | G52: 0.40138889 | H52: 3 | I52: 0.40347222 | J52: 0.40694444 | K52: 2 | L52: 0.40833333 | M52: 0.41736111 | N52: 0.41875 | O52: 0 | P52: 0.41875 | Q52: 0.42638889 | R52: 3 | S52: 0.42847222 | T52: 0.43263889 | U52: 2 | V52: 0.43402778 | W52: 0.44583333 | X52: 0 | Y52: 0.44583333 | Z52: 0.45833333 | AA52: 3 | AB52: 0.46041667 | AC52: =AD52-AE52 -> 107 | AD52: =(AB52-C52)*1440 -> 120 | AE52: =U52+R52+O52+K52+AA52+E52+H52+X52 -> 13 | AF52: =AE52/AC52 -> 0.12149533 | AG52: =(AB52-AB51)*1440 -> 30
B53: Midday | C53: 0.39791667 | D53: 0.41041667 | E53: 0 | F53: 0.41041667 | G53: 0.42222222 | H53: 3 | I53: 0.42430556 | J53: 0.42777778 | K53: 2 | L53: 0.42916667 | M53: 0.43819444 | N53: 0.43958333 | O53: 0 | P53: 0.43958333 | Q53: 0.44722222 | R53: 3 | S53: 0.44930556 | T53: 0.45347222 | U53: 2 | V53: 0.45486111 | W53: 0.46666667 | X53: 0 | Y53: 0.46666667 | Z53: 0.47916667 | AA53: 3 | AB53: 0.48125 | AC53: =AD53-AE53 -> 107 | AD53: =(AB53-C53)*1440 -> 120 | AE53: =U53+R53+O53+K53+AA53+E53+H53+X53 -> 13 | AF53: =AE53/AC53 -> 0.12149533 | AG53: =(AB53-AB52)*1440 -> 30
B54: Midday | C54: 0.41875 | D54: 0.43125 | E54: 0 | F54: 0.43125 | G54: 0.44305556 | H54: 3 | I54: 0.44513889 | J54: 0.44861111 | K54: 2 | L54: 0.45 | M54: 0.45902778 | N54: 0.46041667 | O54: 0 | P54: 0.46041667 | Q54: 0.46805556 | R54: 3 | S54: 0.47013889 | T54: 0.47430556 | U54: 2 | V54: 0.47569444 | W54: 0.4875 | X54: 0 | Y54: 0.4875 | Z54: 0.5 | AA54: 3 | AB54: 0.50208333 | AC54: =AD54-AE54 -> 107 | AD54: =(AB54-C54)*1440 -> 120 | AE54: =U54+R54+O54+K54+AA54+E54+H54+X54 -> 13 | AF54: =AE54/AC54 -> 0.12149533 | AG54: =(AB54-AB53)*1440 -> 30
B55: Midday | C55: 0.43958333 | D55: 0.45208333 | E55: 0 | F55: 0.45208333 | G55: 0.46388889 | H55: 3 | I55: 0.46597222 | J55: 0.46944444 | K55: 2 | L55: 0.47083333 | M55: 0.47986111 | N55: 0.48125 | O55: 0 | P55: 0.48125 | Q55: 0.48888889 | R55: 3 | S55: 0.49097222 | T55: 0.49513889 | U55: 2 | V55: 0.49652778 | W55: 0.50833333 | X55: 0 | Y55: 0.50833333 | Z55: 0.52083333 | AA55: 3 | AB55: 0.52291667 | AC55: =AD55-AE55 -> 107 | AD55: =(AB55-C55)*1440 -> 120 | AE55: =U55+R55+O55+K55+AA55+E55+H55+X55 -> 13 | AF55: =AE55/AC55 -> 0.12149533 | AG55: =(AB55-AB54)*1440 -> 30
B56: Midday | C56: 0.46041667 | D56: 0.47291667 | E56: 0 | F56: 0.47291667 | G56: 0.48472222 | H56: 3 | I56: 0.48680556 | J56: 0.49027778 | K56: 2 | L56: 0.49166667 | M56: 0.50069444 | N56: 0.50208333 | O56: 0 | P56: 0.50208333 | Q56: 0.50972222 | R56: 3 | S56: 0.51180556 | T56: 0.51597222 | U56: 2 | V56: 0.51736111 | W56: 0.52916667 | X56: 0 | Y56: 0.52916667 | Z56: 0.54166667 | AA56: 3 | AB56: 0.54375 | AC56: =AD56-AE56 -> 107 | AD56: =(AB56-C56)*1440 -> 120 | AE56: =U56+R56+O56+K56+AA56+E56+H56+X56 -> 13 | AF56: =AE56/AC56 -> 0.12149533 | AG56: =(AB56-AB55)*1440 -> 30
B57: Midday | C57: 0.48125 | D57: 0.49375 | E57: 0 | F57: 0.49375 | G57: 0.50555556 | H57: 3 | I57: 0.50763889 | J57: 0.51111111 | K57: 2 | L57: 0.5125 | M57: 0.52152778 | N57: 0.52291667 | O57: 0 | P57: 0.52291667 | Q57: 0.53055556 | R57: 3 | S57: 0.53263889 | T57: 0.53680556 | U57: 2 | V57: 0.53819444 | W57: 0.55 | X57: 0 | Y57: 0.55 | Z57: 0.5625 | AA57: 3 | AB57: 0.56458333 | AC57: =AD57-AE57 -> 107 | AD57: =(AB57-C57)*1440 -> 120 | AE57: =U57+R57+O57+K57+AA57+E57+H57+X57 -> 13 | AF57: =AE57/AC57 -> 0.12149533 | AG57: =(AB57-AB56)*1440 -> 30
B58: Midday | C58: 0.50208333 | D58: 0.51458333 | E58: 0 | F58: 0.51458333 | G58: 0.52638889 | H58: 3 | I58: 0.52847222 | J58: 0.53194444 | K58: 2 | L58: 0.53333333 | M58: 0.54236111 | N58: 0.54375 | O58: 0 | P58: 0.54375 | Q58: 0.55138889 | R58: 3 | S58: 0.55347222 | T58: 0.55763889 | U58: 2 | V58: 0.55902778 | W58: 0.57083333 | X58: 0 | Y58: 0.57083333 | Z58: 0.58333333 | AA58: 3 | AB58: 0.58541667 | AC58: =AD58-AE58 -> 107 | AD58: =(AB58-C58)*1440 -> 120 | AE58: =U58+R58+O58+K58+AA58+E58+H58+X58 -> 13 | AF58: =AE58/AC58 -> 0.12149533 | AG58: =(AB58-AB57)*1440 -> 30
... B67: Midday | C67: 0.68958333 | D67: 0.70208333 | E67: 0 | F67: 0.70208333 | G67: 0.71388889 | H67: 2 | I67: 0.71527778 | J67: 0.71875 | K67: 2 | L67: 0.72013889 | M67: 0.72916667 | N67: 0.73055556 | O67: 0 | P67: 0.73055556 | Q67: 0.73819444 | R67: 3 | S67: 0.74027778 | T67: 0.74444444 | U67: 2 | V67: 0.74583333 | W67: 0.75763889 | X67: 0 | Y67: 0.75763889 | Z67: 0.77013889 | AA67: 4 | AB67: 0.77291667 | AC67: =AD67-AE67 -> 107 | AD67: =(AB67-C67)*1440 -> 120 | AE67: =U67+R67+O67+K67+AA67+E67+H67+X67 -> 13 | AF67: =AE67/AC67 -> 0.12149533 | AG67: =(AB67-AB66)*1440 -> 30
B68: Midday | C68: 0.71041667 | D68: 0.72291667 | E68: 0 | F68: 0.72291667 | G68: 0.73472222 | H68: 2 | I68: 0.73611111 | J68: 0.73958333 | K68: 3 | L68: 0.74166667 | M68: 0.75069444 | N68: 0.75208333 | O68: 0 | P68: 0.75208333 | Q68: 0.75972222 | R68: 3 | S68: 0.76180556 | T68: 0.76597222 | U68: 2 | V68: 0.76736111 | W68: 0.77916667 | X68: 0 | Y68: 0.77916667 | Z68: 0.79166667 | AC68: =AD68-AE68 -> 107 | AD68: =(Z68-C68)*1440 -> 117 | AE68: =U68+R68+O68+K68+AA68+E68+H68+X68 -> 10 | AF68: =AE68/AC68 -> 0.093457944 | AG68: =(Z68-Z67)*1440 -> 31
B69: Evening | C69: 0.73125 | D69: 0.74375 | E69: 0 | F69: 0.74375 | G69: 0.75486111 | H69: 3 | I69: 0.75694444 | J69: 0.76041667 | K69: 3 | L69: 0.7625 | M69: 0.77013889 | N69: 0.77152778 | O69: 2 | P69: 0.77291667 | Q69: 0.77916667 | R69: 3 | S69: 0.78125 | T69: 0.78541667 | U69: 2 | V69: 0.78680556 | W69: 0.79861111 | X69: 0 | Y69: 0.79861111 | Z69: 0.81111111 | AA69: 5 | AB69: 0.81458333 | AC69: =AD69-AE69 -> 102 | AD69: =(AB69-C69)*1440 -> 120 | AE69: =U69+R69+O69+K69+AA69+E69+H69+X69 -> 18 | AF69: =AE69/AC69 -> 0.17647059 | AG69: =(Z69-Z68)*1440 -> 28
B70: Evening | C70: 0.75208333 | D70: 0.76458333 | E70: 0 | F70: 0.76458333 | G70: 0.77569444 | H70: 3 | I70: 0.77777778 | J70: 0.78125 | K70: 3 | L70: 0.78333333 | M70: 0.79097222 | N70: 0.79236111 | O70: 2 | P70: 0.79375 | Q70: 0.8 | R70: 4 | S70: 0.80277778 | T70: 0.80694444 | U70: 2 | V70: 0.80833333 | W70: 0.82013889 | X70: 0 | Y70: 0.82013889 | Z70: 0.83263889 | AC70: =AD70-AE70 -> 102 | AD70: =(Z70-C70)*1440 -> 116 | AE70: =U70+R70+O70+K70+AA70+E70+H70+X70 -> 14 | AF70: =AE70/AC70 -> 0.1372549 | AG70: =(Z70-Z69)*1440 -> 31
B71: Evening | C71: 0.77291667 | D71: 0.78541667 | E71: 0 | F71: 0.78541667 | G71: 0.79652778 | H71: 3 | I71: 0.79861111 | J71: 0.80208333 | K71: 3 | L71: 0.80416667 | M71: 0.81180556 | N71: 0.81319444 | O71: 2 | P71: 0.81458333 | Q71: 0.82083333 | R71: 4 | S71: 0.82361111 | T71: 0.82777778 | U71: 2 | V71: 0.82916667 | W71: 0.84097222 | X71: 0 | Y71: 0.84097222 | Z71: 0.85347222 | AA71: 5 | AB71: 0.85694444 | AC71: =AD71-AE71 -> 102 | AD71: =(AB71-C71)*1440 -> 121 | AE71: =U71+R71+O71+K71+AA71+E71+H71+X71 -> 19 | AF71: =AE71/AC71 -> 0.18627451 | AG71: =(AB71-AB69)*1440 -> 61
B72: Evening | C72: 0.81458333 | D72: 0.82708333 | E72: 0 | F72: 0.82708333 | G72: 0.83819444 | H72: 3 | I72: 0.84027778 | J72: 0.84375 | K72: 3 | L72: 0.84583333 | M72: 0.85347222 | N72: 0.85486111 | O72: 2 | P72: 0.85625 | Q72: 0.8625 | R72: 4 | S72: 0.86527778 | T72: 0.86944444 | U72: 2 | V72: 0.87083333 | W72: 0.88263889 | X72: 0 | Y72: 0.88263889 | Z72: 0.89513889 | AA72: 5 | AB72: 0.89861111 | AC72: =AD72-AE72 -> 102 | AD72: =(AB72-C72)*1440 -> 121 | AE72: =U72+R72+O72+K72+AA72+E72+H72+X72 -> 19 | AF72: =AE72/AC72 -> 0.18627451 | AG72: =(AB72-AB71)*1440 -> 60
B73: Night | C73: 0.85694444 | D73: 0.86875 | E73: 0 | F73: 0.86875 | G73: 0.87986111 | H73: 3 | I73: 0.88194444 | J73: 0.88541667 | K73: 3 | L73: 0.8875 | M73: 0.89513889 | N73: 0.89652778 | O73: 2 | P73: 0.89791667 | Q73: 0.90416667 | R73: 4 | S73: 0.90694444 | T73: 0.91111111 | U73: 2 | V73: 0.9125 | W73: 0.92430556 | X73: 0 | Y73: 0.92430556 | Z73: 0.93541667 | AA73: 7 | AB73: 0.94027778 | AC73: =AD73-AE73 -> 99 | AD73: =(AB73-C73)*1440 -> 120 | AE73: =U73+R73+O73+K73+AA73+E73+H73+X73 -> 21 | AF73: =AE73/AC73 -> 0.21212121 | AG73: =(AB73-AB72)*1440 -> 60
B74: Night | C74: 0.89861111 | D74: 0.91041667 | E74: 0 | F74: 0.91041667 | G74: 0.92152778 | H74: 3 | I74: 0.92361111 | J74: 0.92708333 | K74: 3 | L74: 0.92916667 | M74: 0.93680556 | N74: 0.93819444 | O74: 2 | P74: 0.93958333 | Q74: 0.94583333 | R74: 4 | S74: 0.94861111 | T74: 0.95277778 | U74: 2 | V74: 0.95416667 | W74: 0.96597222 | X74: 0 | Y74: 0.96597222 | Z74: 0.97708333 | AA74: 7 | AB74: 0.98194444 | AC74: =AD74-AE74 -> 99 | AD74: =(AB74-C74)*1440 -> 120 | AE74: =U74+R74+O74+K74+AA74+E74+H74+X74 -> 21 | AF74: =AE74/AC74 -> 0.21212121 | AG74: =(AB74-AB73)*1440 -> 60
B75: Night | C75: 0.94027778 | D75: 0.95208333 | E75: 0 | F75: 0.95208333 | G75: 0.96319444 | H75: 3 | I75: 0.96527778 | J75: 0.96875 | K75: 3 | L75: 0.97083333 | M75: 0.97847222 | N75: 0.97986111 | O75: 2 | P75: 0.98125 | Q75: 0.9875 | AC75: =AD75-AE75 -> 60 | AD75: =(Q75-C75)*1440 -> 68 | AE75: =U75+R75+O75+K75+AA75+E75+H75+X75 -> 8 | AF75: =AE75/AC75 -> 0.13333333 | AG75: =(M75-M74)*1440 -> 60
B76: Night | C76: 0.98194444 | D76: 0.99375 | E76: 0 | F76: 0.99375 | G76: 1.0048611 | H76: 3 | I76: 1.0069444 | J76: 1.0104167 | AC76: =AD76-AE76 -> 38 | AD76: =(J76-C76)*1440 -> 41 | AE76: =U76+R76+O76+K76+AA76+E76+H76+X76 -> 3 | AF76: =AE76/AC76 -> 0.078947368 | AG76: =(J76-J75)*1440 -> 60
Z77: Service Hours | AC77: =SUM(AC45:AC76)/60 -> 52.6 | AD77: =SUM(AD45:AD76)/60 -> 59.9 | AE77: =SUM(AE45:AE76)/60 -> 7.3 | AF77: =AE77/AC77 -> 0.13878327
A78: Sunday
C80: Route 7A | O80: Route 7B
C81: DEPART | D81: ARRIVE | E81: R | F81: DEPART | G81: ARRIVE | H81: R | I81: DEPART | J81: ARRIVE | K81: R | L81: DEPART | N81: ARRIVE | O81: R | P81: DEPART | Q81: ARRIVE | R81: R | S81: DEPART | T81: ARRIVE | U81: R | V81: DEPART | X81: R | Y81: DEPART | Z81: ARRIVE | AA81: R | AB81: DEPART
B82: Stop Name | C82: Park Place | D82: Peggy Hill Community Centre | F82: Peggy Hill Community Centre | G82: Allandale GO Station | I82: Allandale GO Station | J82: Downtown | L82: Downtown | M82: Georgian College | N82: Rose Street | P82: Rose Street | Q82: Downtown | S82: Downtown | T82: Allandale GO Station | V82: Allandale GO Station | W82: Peggy Hill Community Centre | Y82: Peggy Hill Community Centre | Z82: Park Place | AB82: Park Place
B83: Stop ID | C83: 777 | D83: 487 | F83: 487 | G83: 732 | I83: 732 | J83: 1 | L83: 1 | M83: 330 | N83: 251 | P83: 251 | Q83: 1 | S83: 1 | T83: 732 | V83: 732 | W83: 488 | Y83: 487 | Z83: 777 | AB83: 777 | AC83: Travel Time | AD83: Cycle Time | AE83: R | AF83: R Ratio (15% Target) | AG83: Frequency
B84: Midday | M84: 0.39652778 | N84: 0.39791667 | O84: 0 | P84: 0.39791667 | Q84: 0.40555556 | R84: 3 | S84: 0.40763889 | T84: 0.41180556 | U84: 2 | V84: 0.41319444 | W84: 0.425 | X84: 0 | Y84: 0.425 | Z84: 0.4375 | AA84: 3 | AB84: 0.43958333 | AC84: =AD84-AE84 -> 54 | AD84: =(AB84-M84)*1440 -> 62 | AE84: =U84+R84+O84+K84+AA84+E84+H84+X84 -> 8 | AF84: =AE84/AC84 -> 0.14814815
B85: Midday | C85: 0.39791667 | D85: 0.41041667 | E85: 0 | F85: 0.41041667 | G85: 0.42222222 | H85: 3 | I85: 0.42430556 | J85: 0.42777778 | K85: 2 | L85: 0.42916667 | M85: 0.43819444 | N85: 0.43958333 | O85: 0 | P85: 0.43958333 | Q85: 0.44722222 | R85: 3 | S85: 0.44930556 | T85: 0.45347222 | U85: 2 | V85: 0.45486111 | W85: 0.46666667 | X85: 0 | Y85: 0.46666667 | Z85: 0.47916667 | AA85: 3 | AB85: 0.48125 | AC85: =AD85-AE85 -> 107 | AD85: =(AB85-C85)*1440 -> 120 | AE85: =U85+R85+O85+K85+AA85+E85+H85+X85 -> 13 | AF85: =AE85/AC85 -> 0.12149533 | AG85: =(AB85-AB84)*1440 -> 60
B86: Midday | C86: 0.43958333 | D86: 0.45208333 | E86: 0 | F86: 0.45208333 | G86: 0.46388889 | H86: 3 | I86: 0.46597222 | J86: 0.46944444 | K86: 2 | L86: 0.47083333 | M86: 0.47986111 | N86: 0.48125 | O86: 0 | P86: 0.48125 | Q86: 0.48888889 | R86: 3 | S86: 0.49097222 | T86: 0.49513889 | U86: 2 | V86: 0.49652778 | W86: 0.50833333 | X86: 0 | Y86: 0.50833333 | Z86: 0.52083333 | AA86: 3 | AB86: 0.52291667 | AC86: =AD86-AE86 -> 107 | AD86: =(AB86-C86)*1440 -> 120 | AE86: =U86+R86+O86+K86+AA86+E86+H86+X86 -> 13 | AF86: =AE86/AC86 -> 0.12149533 | AG86: =(AB86-AB85)*1440 -> 60
B87: Midday | C87: 0.48125 | D87: 0.49375 | E87: 0 | F87: 0.49375 | G87: 0.50555556 | H87: 3 | I87: 0.50763889 | J87: 0.51111111 | K87: 2 | L87: 0.5125 | M87: 0.52152778 | N87: 0.52291667 | O87: 0 | P87: 0.52291667 | Q87: 0.53055556 | R87: 3 | S87: 0.53263889 | T87: 0.53680556 | U87: 2 | V87: 0.53819444 | W87: 0.55 | X87: 0 | Y87: 0.55 | Z87: 0.5625 | AA87: 3 | AB87: 0.56458333 | AC87: =AD87-AE87 -> 107 | AD87: =(AB87-C87)*1440 -> 120 | AE87: =U87+R87+O87+K87+AA87+E87+H87+X87 -> 13 | AF87: =AE87/AC87 -> 0.12149533 | AG87: =(AB87-AB86)*1440 -> 60
B88: Midday | C88: 0.52291667 | D88: 0.53541667 | E88: 0 | F88: 0.53541667 | G88: 0.54722222 | H88: 3 | I88: 0.54930556 | J88: 0.55277778 | K88: 2 | L88: 0.55416667 | M88: 0.56319444 | N88: 0.56458333 | O88: 0 | P88: 0.56458333 | Q88: 0.57222222 | R88: 3 | S88: 0.57430556 | T88: 0.57847222 | U88: 2 | V88: 0.57986111 | W88: 0.59166667 | X88: 0 | Y88: 0.59166667 | Z88: 0.60416667 | AA88: 3 | AB88: 0.60625 | AC88: =AD88-AE88 -> 107 | AD88: =(AB88-C88)*1440 -> 120 | AE88: =U88+R88+O88+K88+AA88+E88+H88+X88 -> 13 | AF88: =AE88/AC88 -> 0.12149533 | AG88: =(AB88-AB87)*1440 -> 60
B89: Midday | C89: 0.56458333 | D89: 0.57708333 | E89: 0 | F89: 0.57708333 | G89: 0.58888889 | H89: 3 | I89: 0.59097222 | J89: 0.59444444 | K89: 2 | L89: 0.59583333 | M89: 0.60486111 | N89: 0.60625 | O89: 0 | P89: 0.60625 | Q89: 0.61388889 | R89: 3 | S89: 0.61597222 | T89: 0.62013889 | U89: 2 | V89: 0.62152778 | W89: 0.63333333 | X89: 0 | Y89: 0.63333333 | Z89: 0.64583333 | AA89: 3 | AB89: 0.64791667 | AC89: =AD89-AE89 -> 107 | AD89: =(AB89-C89)*1440 -> 120 | AE89: =U89+R89+O89+K89+AA89+E89+H89+X89 -> 13 | AF89: =AE89/AC89 -> 0.12149533 | AG89: =(AB89-AB88)*1440 -> 60
B90: Midday | C90: 0.60625 | D90: 0.61875 | E90: 0 | F90: 0.61875 | G90: 0.63055556 | H90: 3 | I90: 0.63263889 | J90: 0.63611111 | K90: 2 | L90: 0.6375 | M90: 0.64652778 | N90: 0.64791667 | O90: 0 | P90: 0.64791667 | Q90: 0.65555556 | R90: 3 | S90: 0.65763889 | T90: 0.66180556 | U90: 2 | V90: 0.66319444 | W90: 0.675 | X90: 0 | Y90: 0.675 | Z90: 0.6875 | AA90: 3 | AB90: 0.68958333 | AC90: =AD90-AE90 -> 107 | AD90: =(AB90-C90)*1440 -> 120 | AE90: =U90+R90+O90+K90+AA90+E90+H90+X90 -> 13 | AF90: =AE90/AC90 -> 0.12149533 | AG90: =(AB90-AB89)*1440 -> 60
B91: Midday | C91: 0.64791667 | D91: 0.66041667 | E91: 0 | F91: 0.66041667 | G91: 0.67222222 | H91: 3 | I91: 0.67430556 | J91: 0.67777778 | K91: 2 | L91: 0.67916667 | M91: 0.68819444 | N91: 0.68958333 | O91: 0 | P91: 0.68958333 | Q91: 0.69722222 | R91: 3 | S91: 0.69930556 | T91: 0.70347222 | U91: 2 | V91: 0.70486111 | W91: 0.71666667 | X91: 0 | Y91: 0.71666667 | Z91: 0.72916667 | AA91: 3 | AB91: 0.73125 | AC91: =AD91-AE91 -> 107 | AD91: =(AB91-C91)*1440 -> 120 | AE91: =U91+R91+O91+K91+AA91+E91+H91+X91 -> 13 | AF91: =AE91/AC91 -> 0.12149533 | AG91: =(AB91-AB90)*1440 -> 60
B92: Midday | C92: 0.68958333 | D92: 0.70208333 | E92: 0 | F92: 0.70208333 | G92: 0.71388889 | H92: 3 | I92: 0.71597222 | J92: 0.71944444 | K92: 2 | L92: 0.72083333 | M92: 0.72986111 | N92: 0.73125 | O92: 0 | P92: 0.73125 | Q92: 0.73888889 | R92: 3 | S92: 0.74097222 | T92: 0.74513889 | U92: 2 | V92: 0.74652778 | W92: 0.75833333 | X92: 0 | Y92: 0.75833333 | Z92: 0.77083333 | AA92: 3 | AB92: 0.77291667 | AC92: =AD92-AE92 -> 107 | AD92: =(AB92-C92)*1440 -> 120 | AE92: =U92+R92+O92+K92+AA92+E92+H92+X92 -> 13 | AF92: =AE92/AC92 -> 0.12149533 | AG92: =(AB92-AB91)*1440 -> 60
B93: Evening | C93: 0.73125 | D93: 0.74375 | E93: 0 | F93: 0.74375 | G93: 0.75486111 | H93: 3 | I93: 0.75694444 | J93: 0.76041667 | K93: 3 | L93: 0.7625 | M93: 0.77013889 | N93: 0.77152778 | O93: 2 | P93: 0.77291667 | Q93: 0.77916667 | R93: 3 | S93: 0.78125 | T93: 0.78541667 | U93: 2 | V93: 0.78680556 | W93: 0.79861111 | X93: 0 | Y93: 0.79861111 | Z93: 0.81111111 | AA93: 5 | AB93: 0.81458333 | AC93: =AD93-AE93 -> 102 | AD93: =(AB93-C93)*1440 -> 120 | AE93: =U93+R93+O93+K93+AA93+E93+H93+X93 -> 18 | AF93: =AE93/AC93 -> 0.17647059 | AG93: =(AB93-AB92)*1440 -> 60
B94: Evening | C94: 0.77291667 | D94: 0.78541667 | E94: 0 | F94: 0.78541667 | G94: 0.79652778 | H94: 3 | I94: 0.79861111 | J94: 0.80208333 | K94: 3 | L94: 0.80416667 | M94: 0.81180556 | N94: 0.81319444 | O94: 2 | P94: 0.81458333 | Q94: 0.82083333 | R94: 4 | S94: 0.82361111 | T94: 0.82777778 | U94: 2 | V94: 0.82916667 | W94: 0.84097222 | X94: 0 | Y94: 0.84097222 | Z94: 0.85347222 | AA94: 5 | AB94: 0.85694444 | AC94: =AD94-AE94 -> 102 | AD94: =(AB94-C94)*1440 -> 121 | AE94: =U94+R94+O94+K94+AA94+E94+H94+X94 -> 19 | AF94: =AE94/AC94 -> 0.18627451 | AG94: =(AB94-AB93)*1440 -> 61
B95: Evening | C95: 0.81458333 | D95: 0.82708333 | E95: 0 | F95: 0.82708333 | G95: 0.83819444 | H95: 3 | I95: 0.84027778 | J95: 0.84375 | K95: 3 | L95: 0.84583333 | M95: 0.85347222 | N95: 0.85486111 | O95: 2 | P95: 0.85625 | Q95: 0.8625 | R95: 4 | S95: 0.86527778 | T95: 0.86944444 | U95: 2 | V95: 0.87083333 | W95: 0.88263889 | X95: 0 | Y95: 0.88263889 | Z95: 0.89513889 | AA95: 5 | AB95: 0.89861111 | AC95: =AD95-AE95 -> 102 | AD95: =(AB95-C95)*1440 -> 121 | AE95: =U95+R95+O95+K95+AA95+E95+H95+X95 -> 19 | AF95: =AE95/AC95 -> 0.18627451 | AG95: =(AB95-AB94)*1440 -> 60
B96: Night | C96: 0.85694444 | D96: 0.86875 | E96: 0 | F96: 0.86875 | G96: 0.87986111 | H96: 3 | I96: 0.88194444 | J96: 0.88541667 | K96: 3 | L96: 0.8875 | M96: 0.89513889 | N96: 0.89652778 | O96: 2 | P96: 0.89791667 | Q96: 0.90416667 | AC96: =AD96-AE96 -> 60 | AD96: =(Q96-C96)*1440 -> 68 | AE96: =U96+R96+O96+K96+AA96+E96+H96+X96 -> 8 | AF96: =AE96/AC96 -> 0.13333333 | AG96: =(Q96-Q95)*1440 -> 60
B97: Night | C97: 0.89861111 | D97: 0.91041667 | E97: 0 | F97: 0.91041667 | G97: 0.92152778 | H97: 3 | I97: 0.92361111 | J97: 0.92708333 | AC97: =AD97-AE97 -> 38 | AD97: =(J97-C97)*1440 -> 41 | AE97: =U97+R97+O97+K97+AA97+E97+H97+X97 -> 3 | AF97: =AE97/AC97 -> 0.078947368 | AG97: =(J97-J96)*1440 -> 60
Z98: Service Hours | AC98: =SUM(AC79:AC97)/60 -> 21.9 | AD98: =SUM(AD84:AD97)/60 -> 24.883333 | AE98: =SUM(AE79:AE97)/60 -> 2.9833333 | AF98: =AE98/AC98 -> 0.13622527

Sheet 8A
A1: Weekday | C1: 8A North | V1: 8A South | AE1: 8A - Northbound
C2: DEPART | D2: ARRIVE | E2: R | F2: DEPART | I2: ARRIVE | J2: R | K2: DEPART | M2: ARRIVE | N2: R | O2: DEPART | P2: ARRIVE | Q2: R | R2: DEPART | T2: ARRIVE | U2: R | V2: DEPART | X2: ARRIVE | Y2: R | Z2: DEPART | AA2: ARRIVE | AB2: R | AC2: DEPART | AD2: ARRIVE | AE2: R | AF2: DEPART
B3: Stop Name | C3: Barrie South GO | D3: Park Place | F3: Park Place | G3: Essa at Mapleview | H3: Bear Creek Sp. | I3: Peggy Hill | K3: Peggy Hill | L3: Essa at Veteran's | M3: Allandale GO | O3: Allandale GO | P3: Downtown | R3: Downtown | S3: Blake at Johnson | T3: Georgian College | V3: Georgian College | W3: Georgian Mall | X3: Anne at Donald | Z3: Anne at Donald | AA3: Allandale GO | AC3: Allandale GO | AD3: Barrie South GO | AF3: Barrie South GO
B4: Stop ID | C4: 725 | D4: 725 | F4: 777 | G4: 308 | I4: 488 | K4: 488 | L4: 313 | M4: 732 | O4: 732 | P4: 1 | R4: 1 | S4: 129 | T4: 330 | V4: 330 | W4: 440 | X4: New | Z4: New | AA4: 732 | AC4: 732 | AD4: 725 | AF4: 725 | AG4: Travel Time | AH4: Cycle Time | AI4: R | AJ4: R Ratio (15% Target) | AK4: Frequency | AL4: Headway Cycle Time | AQ4: Recoveries | AZ4: Cycle Time | BA4: 150
B5: Early Morning | AC5: 0.20763889 | AD5: 0.21666667 | AE5: 5 | AF5: 0.22013889 | AG5: =AH5-AI5 -> 13 | AH5: =(AF5-AC5)*1440 -> 18 | AI5: =E5+AE5+Y5+U5+Q5+J5+AB5+N5 -> 5 | AJ5: =AI5/AG5 -> 0.38461538 | AL5: 43 | AQ5: Peggy Hill | AR5: Allandale GO | AS5: =P3 -> Downtown | AT5: =T3 -> Georgian College | AU5: =X3 -> Anne at Donald | AV5: =AA3 -> Allandale GO | AW5: =AD3 -> Barrie South GO | AX5: =D3 -> Park Place
B6: Early Morning | AC6: 0.22847222 | AD6: 0.2375 | AE6: 5 | AF6: 0.24097222 | AG6: =AH6-AI6 -> 13 | AH6: =(AF6-AC6)*1440 -> 18 | AI6: =E6+AE6+Y6+U6+Q6+J6+AB6+N6 -> 5 | AJ6: =AI6/AG6 -> 0.38461538 | AK6: =(AF6-AF5)*1440 -> 30 | AL6: 43 | AP6: Early Morning | AQ6: 2 | AR6: 3 | AS6: 2 | AT6: 2 | AU6: 2 | AV6: 3 | AW6: =$BA$4-SUM(AQ6:AV6,AX6,'[3]8A Segment'!$C$119) -> #REF! | AX6: 4 | BE6: Downtown Connection
B7: Early Morning | AC7: 0.24930556 | AD7: 0.25833333 | AE7: 5 | AF7: 0.26180556 | AG7: =AH7-AI7 -> 13 | AH7: =(AF7-AC7)*1440 -> 18 | AI7: =E7+AE7+Y7+U7+Q7+J7+AB7+N7 -> 5 | AJ7: =AI7/AG7 -> 0.38461538 | AK7: =(AF7-AF6)*1440 -> 30 | AL7: 43 | AP7: Morning | AQ7: 2 | AR7: 3 | AS7: 2 | AT7: 2 | AU7: 2 | AV7: 3 | AW7: =$BA$4-SUM(AQ7:AV7,AX7,'[3]8A Segment'!$D$119) -> #REF! | AX7: 4
B8: Early Morning | F8: 0.19097222 | G8: 0.19652778 | I8: 0.20347222 | J8: 1 | K8: 0.20416667 | L8: 0.20625 | M8: 0.2125 | N8: 6 | O8: 0.21666667 | P8: 0.22083333 | Q8: 2 | R8: 0.22222222 | S8: 0.22777778 | T8: 0.2375 | U8: 2 | V8: 0.23888889 | W8: 0.24583333 | X8: 0.25486111 | Y8: 2 | Z8: 0.25625 | AA8: 0.26041667 | AB8: 5 | AC8: 0.26388889 | AD8: 0.27291667 | AE8: 14 | AF8: 0.28263889 | AG8: =AH8-AI8 -> 100 | AH8: =(AF8-F8)*1440 -> 132 | AI8: =E8+AE8+Y8+U8+Q8+J8+AB8+N8 -> 32 | AJ8: =AI8/AG8 -> 0.32 | AK8: =(AF8-AF7)*1440 -> 30 | AL8: 150 | AN8: Headway Management | AP8: Midday | AQ8: 2 | AR8: 3 | AS8: 2 | AT8: 2 | AU8: 2 | AV8: 3 | AW8: =$BA$4-SUM(AQ8:AV8,AX8,'[3]8A Segment'!$E$119) -> #REF! | AX8: 4 | BE8: 8A North | BH8: 8B North | BL8: Difference | BP8: 8A South | BS8: 8B South | BW8: Difference
B9: Early Morning | F9: 0.21180556 | G9: 0.21736111 | I9: 0.22430556 | J9: 2 | K9: 0.22569444 | L9: 0.22777778 | M9: 0.23402778 | N9: 5 | O9: 0.2375 | P9: 0.24166667 | Q9: 2 | R9: 0.24305556 | S9: 0.24861111 | T9: 0.25833333 | U9: 2 | V9: 0.25972222 | W9: 0.26666667 | X9: 0.27569444 | Y9: 2 | Z9: 0.27708333 | AA9: 0.28125 | AB9: 5 | AC9: 0.28472222 | AD9: 0.29375 | AE9: 15 | AF9: 0.30416667 | AG9: =AH9-AI9 -> 100 | AH9: =(AF9-F9)*1440 -> 133 | AI9: =E9+AE9+Y9+U9+Q9+J9+AB9+N9 -> 33 | AJ9: =AI9/AG9 -> 0.33 | AK9: =(AF9-AF8)*1440 -> 31 | AL9: 150 | AN9: Dt Connection | AP9: Peak | AQ9: 2 | AR9: 3 | AS9: 2 | AT9: 2 | AU9: 2 | AV9: 3 | AW9: =$BA$4-SUM(AQ9:AV9,AX9,'[3]8A Segment'!$F$119) -> #REF! | AX9: 4 | BE9: =M12 -> 0.29652778 | BG9: =O12 -> 0.3 | BH9: ='[3]8B'!C12 -> #REF! | BJ9: ='[3]8B'!E12 -> #REF! | BL9: =(BJ9-BG9)*1440 -> #REF! | BP9: =AA8 -> 0.26041667 | BR9: =AC8 -> 0.26388889 | BS9: ='[3]8B'!Q8 -> #REF! | BU9: ='[3]8B'!S8 -> #REF! | BW9: =(BU9-BR9)*1440 -> #REF!
B10: Early Morning | C10: 0.22013889 | D10: 0.22986111 | E10: 4 | F10: 0.23263889 | G10: 0.23819444 | I10: 0.24513889 | J10: 2 | K10: 0.24652778 | L10: 0.24861111 | M10: 0.25486111 | N10: 5 | O10: 0.25833333 | P10: 0.2625 | Q10: 2 | R10: 0.26388889 | S10: 0.26944444 | T10: 0.27916667 | U10: 2 | V10: 0.28055556 | W10: 0.2875 | X10: 0.29652778 | Y10: 2 | Z10: 0.29791667 | AA10: 0.30208333 | AB10: 5 | AC10: 0.30555556 | AD10: 0.31458333 | AE10: 15 | AF10: 0.325 | AG10: =AH10-AI10 -> 114 | AH10: =(AF10-C10)*1440 -> 151 | AI10: =E10+AE10+Y10+U10+Q10+J10+AB10+N10 -> 37 | AJ10: =AI10/AG10 -> 0.3245614 | AK10: =(AF10-AF9)*1440 -> 30 | AL10: 150 | AN10: 400 Connection | AP10: Evening | AQ10: 2 | AR10: 3 | AS10: 2 | AT10: 2 | AU10: 2 | AV10: 3 | AW10: =$BA$4-SUM(AQ10:AV10,AX10,'[3]8A Segment'!$G$119) -> #REF! | AX10: 4 | BE10: =M13 -> 0.31736111 | BG10: =O13 -> 0.32083333 | BH10: ='[3]8B'!C13 -> #REF! | BJ10: ='[3]8B'!E13 -> #REF! | BL10: =(BJ10-BG10)*1440 -> #REF! | BP10: =AA9 -> 0.28125 | BR10: =AC9 -> 0.28472222 | BS10: ='[3]8B'!Q9 -> #REF! | BU10: ='[3]8B'!S9 -> #REF! | BW10: =(BU10-BR10)*1440 -> #REF!
B11: Early Morning | C11: 0.24097222 | D11: 0.25069444 | E11: 4 | F11: 0.25347222 | G11: 0.25902778 | I11: 0.26597222 | J11: 2 | K11: 0.26736111 | L11: 0.26944444 | M11: 0.27569444 | N11: 5 | O11: 0.27916667 | P11: 0.28333333 | Q11: 2 | R11: 0.28472222 | S11: 0.29027778 | T11: 0.3 | U11: 2 | V11: 0.30138889 | W11: 0.30833333 | X11: 0.31736111 | Y11: 2 | Z11: 0.31875 | AA11: 0.32291667 | AB11: 5 | AC11: 0.32638889 | AD11: 0.33541667 | AE11: 15 | AF11: 0.34583333 | AG11: =AH11-AI11 -> 114 | AH11: =(AF11-C11)*1440 -> 151 | AI11: =E11+AE11+Y11+U11+Q11+J11+AB11+N11 -> 37 | AJ11: =AI11/AG11 -> 0.3245614 | AK11: =(AF11-AF10)*1440 -> 30 | AL11: 150 | AN11: GO Train | AP11: Night | AQ11: 2 | AR11: 3 | AS11: 2 | AT11: 2 | AU11: 2 | AV11: 3 | AW11: =$BA$4-SUM(AQ11:AV11,AX11,'[3]8A Segment'!$H$119) -> #REF! | AX11: 4 | BE11: =M14 -> 0.33819444 | BG11: =O14 -> 0.34166667 | BH11: ='[3]8B'!C14 -> #REF! | BJ11: ='[3]8B'!E14 -> #REF! | BL11: =(BJ11-BG11)*1440 -> #REF! | BP11: =AA10 -> 0.30208333 | BR11: =AC10 -> 0.30555556 | BS11: ='[3]8B'!Q10 -> #REF! | BU11: ='[3]8B'!S10 -> #REF! | BW11: =(BU11-BR11)*1440 -> #REF!
B12: Early Morning | C12: 0.26180556 | D12: 0.27152778 | E12: 4 | F12: 0.27430556 | G12: 0.27986111 | I12: 0.28680556 | J12: 2 | K12: 0.28819444 | L12: 0.29027778 | M12: 0.29652778 | N12: 5 | O12: 0.3 | P12: 0.30416667 | Q12: 2 | R12: 0.30555556 | S12: 0.31111111 | T12: 0.32083333 | U12: 2 | V12: 0.32222222 | W12: 0.32916667 | X12: 0.33819444 | Y12: 2 | Z12: 0.33958333 | AA12: 0.34375 | AB12: 5 | AC12: 0.34722222 | AD12: 0.35625 | AE12: 15 | AF12: 0.36666667 | AG12: =AH12-AI12 -> 114 | AH12: =(AF12-C12)*1440 -> 151 | AI12: =E12+AE12+Y12+U12+Q12+J12+AB12+N12 -> 37 | AJ12: =AI12/AG12 -> 0.3245614 | AK12: =(AF12-AF11)*1440 -> 30 | AL12: 150 | AN12: Bayfield Shift Times | BE12: =M15 -> 0.35902778 | BG12: =O15 -> 0.3625 | BH12: ='[3]8B'!C15 -> #REF! | BJ12: ='[3]8B'!E15 -> #REF! | BL12: =(BJ12-BG12)*1440 -> #REF! | BP12: =AA11 -> 0.32291667 | BR12: =AC11 -> 0.32638889 | BS12: ='[3]8B'!Q11 -> #REF! | BU12: ='[3]8B'!S11 -> #REF! | BW12: =(BU12-BR12)*1440 -> #REF!
B13: Early Morning | C13: 0.28263889 | D13: 0.29236111 | E13: 4 | F13: 0.29513889 | G13: 0.30069444 | I13: 0.30763889 | J13: 2 | K13: 0.30902778 | L13: 0.31111111 | M13: 0.31736111 | N13: 5 | O13: 0.32083333 | P13: 0.325 | Q13: 2 | R13: 0.32638889 | S13: 0.33194444 | T13: 0.34166667 | U13: 2 | V13: 0.34305556 | W13: 0.35 | X13: 0.35902778 | Y13: 2 | Z13: 0.36041667 | AA13: 0.36458333 | AB13: 5 | AC13: 0.36805556 | AD13: 0.37708333 | AE13: 15 | AF13: 0.3875 | AG13: =AH13-AI13 -> 114 | AH13: =(AF13-C13)*1440 -> 151 | AI13: =E13+AE13+Y13+U13+Q13+J13+AB13+N13 -> 37 | AJ13: =AI13/AG13 -> 0.3245614 | AK13: =(AF13-AF12)*1440 -> 30 | AL13: 150 | BE13: =M16 -> 0.37986111 | BG13: =O16 -> 0.38333333 | BH13: ='[3]8B'!C16 -> #REF! | BJ13: ='[3]8B'!E16 -> #REF! | BL13: =(BJ13-BG13)*1440 -> #REF! | BP13: =AA12 -> 0.34375 | BR13: =AC12 -> 0.34722222 | BS13: ='[3]8B'!Q12 -> #REF! | BU13: ='[3]8B'!S12 -> #REF! | BW13: =(BU13-BR13)*1440 -> #REF!
B14: Morning | C14: 0.30416667 | D14: 0.31388889 | E14: 1 | F14: 0.31458333 | G14: 0.32013889 | H14: 0.32361111 | I14: 0.32638889 | J14: 5 | K14: 0.32986111 | L14: 0.33194444 | M14: 0.33819444 | N14: 5 | O14: 0.34166667 | P14: 0.34652778 | Q14: 2 | R14: 0.34791667 | S14: 0.35416667 | T14: 0.36388889 | U14: 1 | V14: 0.36458333 | W14: 0.37152778 | X14: 0.38125 | Y14: 0 | Z14: 0.38125 | AA14: 0.38541667 | AB14: 5 | AC14: 0.38888889 | AD14: 0.39791667 | AE14: 15 | AF14: 0.40833333 | AG14: =AH14-AI14 -> 116 | AH14: =(AF14-C14)*1440 -> 150 | AI14: =E14+AE14+Y14+U14+Q14+J14+AB14+N14 -> 34 | AJ14: =AI14/AG14 -> 0.29310345 | AK14: =(AF14-AF13)*1440 -> 30 | AL14: 150 | BE14: =M17 -> 0.40069444 | BG14: =O17 -> 0.40416667 | BH14: ='[3]8B'!C17 -> #REF! | BJ14: ='[3]8B'!E17 -> #REF! | BL14: =(BJ14-BG14)*1440 -> #REF! | BP14: =AA13 -> 0.36458333 | BR14: =AC13 -> 0.36805556 | BS14: ='[3]8B'!Q13 -> #REF! | BU14: ='[3]8B'!S13 -> #REF! | BW14: =(BU14-BR14)*1440 -> #REF!
B15: ='[4]100 Full'!A23 -> #REF! | C15: 0.325 | D15: 0.33472222 | E15: 4 | F15: 0.3375 | G15: 0.34305556 | I15: 0.34930556 | J15: 2 | K15: 0.35069444 | L15: 0.35277778 | M15: 0.35902778 | N15: 5 | O15: 0.3625 | P15: 0.36736111 | Q15: 2 | R15: 0.36875 | S15: 0.375 | T15: 0.38472222 | U15: 1 | V15: 0.38541667 | W15: 0.39236111 | X15: 0.40208333 | Y15: 0 | Z15: 0.40208333 | AA15: 0.40625 | AB15: 5 | AC15: 0.40972222 | AD15: 0.41875 | AE15: 12 | AF15: 0.42708333 | AG15: =AH15-AI15 -> 116 | AH15: =(AF15-C15)*1440 -> 147 | AI15: =E15+AE15+Y15+U15+Q15+J15+AB15+N15 -> 31 | AJ15: =AI15/AG15 -> 0.26724138 | AK15: =(AF15-AF14)*1440 -> 27 | AL15: 150 | BE15: =M18 -> 0.42152778 | BG15: =O18 -> 0.425 | BH15: ='[3]8B'!C18 -> #REF! | BJ15: ='[3]8B'!E18 -> #REF! | BL15: =(BJ15-BG15)*1440 -> #REF! | BP15: =AA14 -> 0.38541667 | BR15: =AC14 -> 0.38888889 | BS15: ='[3]8B'!Q14 -> #REF! | BU15: ='[3]8B'!S14 -> #REF! | BW15: =(BU15-BR15)*1440 -> #REF!
B16: ='[4]100 Full'!A24 -> #REF! | C16: 0.34583333 | D16: 0.35555556 | E16: 4 | F16: 0.35833333 | G16: 0.36388889 | I16: 0.37013889 | J16: 2 | K16: 0.37152778 | L16: 0.37361111 | M16: 0.37986111 | N16: 5 | O16: 0.38333333 | P16: 0.38819444 | Q16: 2 | R16: 0.38958333 | S16: 0.39583333 | T16: 0.40555556 | U16: 1 | V16: 0.40625 | W16: 0.41319444 | X16: 0.42291667 | Y16: 2 | Z16: 0.42430556 | AA16: 0.42847222 | AB16: 5 | AC16: 0.43194444 | AD16: 0.44097222 | AE16: 10 | AF16: 0.44791667 | AG16: =AH16-AI16 -> 116 | AH16: =(AF16-C16)*1440 -> 147 | AI16: =E16+AE16+Y16+U16+Q16+J16+AB16+N16 -> 31 | AJ16: =AI16/AG16 -> 0.26724138 | AK16: =(AF16-AF15)*1440 -> 30 | AL16: 150 | BE16: =M19 -> 0.44236111 | BG16: =O19 -> 0.44583333 | BH16: ='[3]8B'!C19 -> #REF! | BJ16: ='[3]8B'!E19 -> #REF! | BL16: =(BJ16-BG16)*1440 -> #REF! | BP16: =AA15 -> 0.40625 | BR16: =AC15 -> 0.40972222 | BS16: ='[3]8B'!Q15 -> #REF! | BU16: ='[3]8B'!S15 -> #REF! | BW16: =(BU16-BR16)*1440 -> #REF!
B17: ='[4]100 Full'!A25 -> #REF! | C17: 0.36666667 | D17: 0.37638889 | E17: 4 | F17: 0.37916667 | G17: 0.38472222 | I17: 0.39097222 | J17: 2 | K17: 0.39236111 | L17: 0.39444444 | M17: 0.40069444 | N17: 5 | O17: 0.40416667 | P17: 0.40902778 | Q17: 2 | R17: 0.41041667 | S17: 0.41666667 | T17: 0.42638889 | U17: 1 | V17: 0.42708333 | W17: 0.43402778 | X17: 0.44375 | Y17: 2 | Z17: 0.44513889 | AA17: 0.44930556 | AB17: 5 | AC17: 0.45277778 | AD17: 0.46180556 | AE17: 10 | AF17: 0.46875 | AG17: =AH17-AI17 -> 116 | AH17: =(AF17-C17)*1440 -> 147 | AI17: =E17+AE17+Y17+U17+Q17+J17+AB17+N17 -> 31 | AJ17: =AI17/AG17 -> 0.26724138 | AK17: =(AF17-AF16)*1440 -> 30 | AL17: 150 | BE17: =M20 -> 0.46319444 | BG17: =O20 -> 0.46666667 | BH17: ='[3]8B'!C20 -> #REF! | BJ17: ='[3]8B'!E20 -> #REF! | BL17: =(BJ17-BG17)*1440 -> #REF! | BP17: =AA16 -> 0.42847222 | BR17: =AC16 -> 0.43194444 | BS17: ='[3]8B'!Q16 -> #REF! | BU17: ='[3]8B'!S16 -> #REF! | BW17: =(BU17-BR17)*1440 -> #REF!
B18: ='[4]100 Full'!A26 -> #REF! | C18: 0.3875 | D18: 0.39722222 | E18: 4 | F18: 0.4 | G18: 0.40555556 | I18: 0.41180556 | J18: 2 | K18: 0.41319444 | L18: 0.41527778 | M18: 0.42152778 | N18: 5 | O18: 0.425 | P18: 0.42986111 | Q18: 2 | R18: 0.43125 | S18: 0.4375 | T18: 0.44722222 | U18: 1 | V18: 0.44791667 | W18: 0.45486111 | X18: 0.46458333 | Y18: 2 | Z18: 0.46597222 | AA18: 0.47013889 | AB18: 5 | AC18: 0.47361111 | AD18: 0.48263889 | AE18: 10 | AF18: 0.48958333 | AG18: =AH18-AI18 -> 116 | AH18: =(AF18-C18)*1440 -> 147 | AI18: =E18+AE18+Y18+U18+Q18+J18+AB18+N18 -> 31 | AJ18: =AI18/AG18 -> 0.26724138 | AK18: =(AF18-AF17)*1440 -> 30 | AL18: 150 | BE18: =M21 -> 0.48402778 | BG18: =O21 -> 0.4875 | BH18: ='[3]8B'!C21 -> #REF! | BJ18: ='[3]8B'!E21 -> #REF! | BL18: =(BJ18-BG18)*1440 -> #REF! | BP18: =AA17 -> 0.44930556 | BR18: =AC17 -> 0.45277778 | BS18: ='[3]8B'!Q17 -> #REF! | BU18: ='[3]8B'!S17 -> #REF! | BW18: =(BU18-BR18)*1440 -> #REF!
B19: ='[4]100 Full'!A27 -> #REF! | C19: 0.40833333 | D19: 0.41805556 | E19: 4 | F19: 0.42083333 | G19: 0.42638889 | I19: 0.43263889 | J19: 2 | K19: 0.43402778 | L19: 0.43611111 | M19: 0.44236111 | N19: 5 | O19: 0.44583333 | P19: 0.45069444 | Q19: 2 | R19: 0.45208333 | S19: 0.45833333 | T19: 0.46805556 | U19: 1 | V19: 0.46875 | W19: 0.47569444 | X19: 0.48541667 | Y19: 2 | Z19: 0.48680556 | AA19: 0.49097222 | AB19: 5 | AC19: 0.49444444 | AD19: 0.50347222 | AE19: 10 | AF19: 0.51041667 | AG19: =AH19-AI19 -> 116 | AH19: =(AF19-C19)*1440 -> 147 | AI19: =E19+AE19+Y19+U19+Q19+J19+AB19+N19 -> 31 | AJ19: =AI19/AG19 -> 0.26724138 | AK19: =(AF19-AF18)*1440 -> 30 | AL19: 150 | BE19: =M22 -> 0.50486111 | BG19: =O22 -> 0.50833333 | BH19: ='[3]8B'!C22 -> #REF! | BJ19: ='[3]8B'!E22 -> #REF! | BL19: =(BJ19-BG19)*1440 -> #REF! | BP19: =AA18 -> 0.47013889 | BR19: =AC18 -> 0.47361111 | BS19: ='[3]8B'!Q18 -> #REF! | BU19: ='[3]8B'!S18 -> #REF! | BW19: =(BU19-BR19)*1440 -> #REF!
B20: Midday | C20: 0.42708333 | D20: 0.43680556 | E20: 4 | F20: 0.43958333 | G20: 0.44583333 | I20: 0.45208333 | J20: 2 | K20: 0.45347222 | L20: 0.45625 | M20: 0.46319444 | N20: 5 | O20: 0.46666667 | P20: 0.47152778 | Q20: 2 | R20: 0.47291667 | S20: 0.47916667 | T20: 0.48888889 | U20: 1 | V20: 0.48958333 | W20: 0.49722222 | X20: 0.50763889 | Y20: 0 | Z20: 0.50763889 | AA20: 0.5125 | AB20: 5 | AC20: 0.51597222 | AD20: 0.52569444 | AE20: 8 | AF20: 0.53125 | AG20: =AH20-AI20 -> 123 | AH20: =(AF20-C20)*1440 -> 150 | AI20: =E20+AE20+Y20+U20+Q20+J20+AB20+N20 -> 27 | AJ20: =AI20/AG20 -> 0.2195122 | AK20: =(AF20-AF19)*1440 -> 30 | AL20: 150 | BE20: =M23 -> 0.52569444 | BG20: =O23 -> 0.52916667 | BH20: ='[3]8B'!C23 -> #REF! | BJ20: ='[3]8B'!E23 -> #REF! | BL20: =(BJ20-BG20)*1440 -> #REF! | BP20: =AA19 -> 0.49097222 | BR20: =AC19 -> 0.49444444 | BS20: ='[3]8B'!Q19 -> #REF! | BU20: ='[3]8B'!S19 -> #REF! | BW20: =(BU20-BR20)*1440 -> #REF!
B21: Midday | C21: 0.44791667 | D21: 0.45763889 | E21: 4 | F21: 0.46041667 | G21: 0.46666667 | I21: 0.47291667 | J21: 2 | K21: 0.47430556 | L21: 0.47708333 | M21: 0.48402778 | N21: 5 | O21: 0.4875 | P21: 0.49236111 | Q21: 2 | R21: 0.49375 | S21: 0.5 | T21: 0.50972222 | U21: 1 | V21: 0.51041667 | W21: 0.51805556 | X21: 0.52847222 | Y21: 0 | Z21: 0.52847222 | AA21: 0.53333333 | AB21: 5 | AC21: 0.53680556 | AD21: 0.54652778 | AE21: 8 | AF21: 0.55208333 | AG21: =AH21-AI21 -> 123 | AH21: =(AF21-C21)*1440 -> 150 | AI21: =E21+AE21+Y21+U21+Q21+J21+AB21+N21 -> 27 | AJ21: =AI21/AG21 -> 0.2195122 | AK21: =(AF21-AF20)*1440 -> 30 | AL21: 150 | BE21: =M24 -> 0.54652778 | BG21: =O24 -> 0.55 | BH21: ='[3]8B'!C24 -> #REF! | BJ21: ='[3]8B'!E24 -> #REF! | BL21: =(BJ21-BG21)*1440 -> #REF! | BP21: =AA20 -> 0.5125 | BR21: =AC20 -> 0.51597222 | BS21: ='[3]8B'!Q20 -> #REF! | BU21: ='[3]8B'!S20 -> #REF! | BW21: =(BU21-BR21)*1440 -> #REF!
B22: Midday | C22: 0.46875 | D22: 0.47847222 | E22: 4 | F22: 0.48125 | G22: 0.4875 | I22: 0.49375 | J22: 2 | K22: 0.49513889 | L22: 0.49791667 | M22: 0.50486111 | N22: 5 | O22: 0.50833333 | P22: 0.51319444 | Q22: 2 | R22: 0.51458333 | S22: 0.52083333 | T22: 0.53055556 | U22: 1 | V22: 0.53125 | W22: 0.53888889 | X22: 0.54930556 | Y22: 0 | Z22: 0.54930556 | AA22: 0.55416667 | AB22: 5 | AC22: 0.55763889 | AD22: 0.56736111 | AE22: 8 | AF22: 0.57291667 | AG22: =AH22-AI22 -> 123 | AH22: =(AF22-C22)*1440 -> 150 | AI22: =E22+AE22+Y22+U22+Q22+J22+AB22+N22 -> 27 | AJ22: =AI22/AG22 -> 0.2195122 | AK22: =(AF22-AF21)*1440 -> 30 | AL22: 150 | BE22: =M25 -> 0.56736111 | BG22: =O25 -> 0.57083333 | BH22: ='[3]8B'!C25 -> #REF! | BJ22: ='[3]8B'!E25 -> #REF! | BL22: =(BJ22-BG22)*1440 -> #REF! | BP22: =AA21 -> 0.53333333 | BR22: =AC21 -> 0.53680556 | BS22: ='[3]8B'!Q21 -> #REF! | BU22: ='[3]8B'!S21 -> #REF! | BW22: =(BU22-BR22)*1440 -> #REF!
B23: Midday | C23: 0.48958333 | D23: 0.49930556 | E23: 4 | F23: 0.50208333 | G23: 0.50833333 | I23: 0.51458333 | J23: 2 | K23: 0.51597222 | L23: 0.51875 | M23: 0.52569444 | N23: 5 | O23: 0.52916667 | P23: 0.53402778 | Q23: 2 | R23: 0.53541667 | S23: 0.54166667 | T23: 0.55138889 | U23: 1 | V23: 0.55208333 | W23: 0.55972222 | X23: 0.57013889 | Y23: 0 | Z23: 0.57013889 | AA23: 0.575 | AB23: 5 | AC23: 0.57847222 | AD23: 0.58819444 | AE23: 8 | AF23: 0.59375 | AG23: =AH23-AI23 -> 123 | AH23: =(AF23-C23)*1440 -> 150 | AI23: =E23+AE23+Y23+U23+Q23+J23+AB23+N23 -> 27 | AJ23: =AI23/AG23 -> 0.2195122 | AK23: =(AF23-AF22)*1440 -> 30 | AL23: 150 | BE23: =M26 -> 0.58819444 | BG23: =O26 -> 0.59166667 | BH23: ='[3]8B'!C26 -> #REF! | BJ23: ='[3]8B'!E26 -> #REF! | BL23: =(BJ23-BG23)*1440 -> #REF! | BP23: =AA22 -> 0.55416667 | BR23: =AC22 -> 0.55763889 | BS23: ='[3]8B'!Q22 -> #REF! | BU23: ='[3]8B'!S22 -> #REF! | BW23: =(BU23-BR23)*1440 -> #REF!
B24: Midday | C24: 0.51041667 | D24: 0.52013889 | E24: 4 | F24: 0.52291667 | G24: 0.52916667 | I24: 0.53541667 | J24: 2 | K24: 0.53680556 | L24: 0.53958333 | M24: 0.54652778 | N24: 5 | O24: 0.55 | P24: 0.55486111 | Q24: 2 | R24: 0.55625 | S24: 0.5625 | T24: 0.57222222 | U24: 1 | V24: 0.57291667 | W24: 0.58055556 | X24: 0.59097222 | Y24: 0 | Z24: 0.59097222 | AA24: 0.59583333 | AB24: 5 | AC24: 0.59930556 | AD24: 0.60902778 | AE24: 8 | AF24: 0.61458333 | AG24: =AH24-AI24 -> 123 | AH24: =(AF24-C24)*1440 -> 150 | AI24: =E24+AE24+Y24+U24+Q24+J24+AB24+N24 -> 27 | AJ24: =AI24/AG24 -> 0.2195122 | AK24: =(AF24-AF23)*1440 -> 30 | AL24: 150 | BE24: =M27 -> 0.60902778 | BG24: =O27 -> 0.6125 | BH24: ='[3]8B'!C27 -> #REF! | BJ24: ='[3]8B'!E27 -> #REF! | BL24: =(BJ24-BG24)*1440 -> #REF! | BP24: =AA23 -> 0.575 | BR24: =AC23 -> 0.57847222 | BS24: ='[3]8B'!Q23 -> #REF! | BU24: ='[3]8B'!S23 -> #REF! | BW24: =(BU24-BR24)*1440 -> #REF!
B25: Midday | C25: 0.53125 | D25: 0.54097222 | E25: 4 | F25: 0.54375 | G25: 0.55 | I25: 0.55625 | J25: 2 | K25: 0.55763889 | L25: 0.56041667 | M25: 0.56736111 | N25: 5 | O25: 0.57083333 | P25: 0.57569444 | Q25: 2 | R25: 0.57708333 | S25: 0.58333333 | T25: 0.59305556 | U25: 1 | V25: 0.59375 | W25: 0.60138889 | X25: 0.61180556 | Y25: 0 | Z25: 0.61180556 | AA25: 0.61666667 | AB25: 5 | AC25: 0.62013889 | AD25: 0.62986111 | AE25: 8 | AF25: 0.63541667 | AG25: =AH25-AI25 -> 123 | AH25: =(AF25-C25)*1440 -> 150 | AI25: =E25+AE25+Y25+U25+Q25+J25+AB25+N25 -> 27 | AJ25: =AI25/AG25 -> 0.2195122 | AK25: =(AF25-AF24)*1440 -> 30 | AL25: 150 | BE25: =M28 -> 0.62986111 | BG25: =O28 -> 0.63333333 | BH25: ='[3]8B'!C28 -> #REF! | BJ25: ='[3]8B'!E28 -> #REF! | BL25: =(BJ25-BG25)*1440 -> #REF! | BP25: =AA24 -> 0.59583333 | BR25: =AC24 -> 0.59930556 | BS25: ='[3]8B'!Q24 -> #REF! | BU25: ='[3]8B'!S24 -> #REF! | BW25: =(BU25-BR25)*1440 -> #REF!
B26: Midday | C26: 0.55208333 | D26: 0.56180556 | E26: 4 | F26: 0.56458333 | G26: 0.57083333 | I26: 0.57708333 | J26: 2 | K26: 0.57847222 | L26: 0.58125 | M26: 0.58819444 | N26: 5 | O26: 0.59166667 | P26: 0.59652778 | Q26: 2 | R26: 0.59791667 | S26: 0.60416667 | T26: 0.61388889 | U26: 1 | V26: 0.61458333 | W26: 0.62222222 | X26: 0.63263889 | Y26: 0 | Z26: 0.63263889 | AA26: 0.6375 | AB26: 5 | AC26: 0.64097222 | AD26: 0.65069444 | AE26: 8 | AF26: 0.65625 | AG26: =AH26-AI26 -> 123 | AH26: =(AF26-C26)*1440 -> 150 | AI26: =E26+AE26+Y26+U26+Q26+J26+AB26+N26 -> 27 | AJ26: =AI26/AG26 -> 0.2195122 | AK26: =(AF26-AF25)*1440 -> 30 | AL26: 150 | BE26: =M29 -> 0.65069444 | BG26: =O29 -> 0.65416667 | BH26: ='[3]8B'!C29 -> #REF! | BJ26: ='[3]8B'!E29 -> #REF! | BL26: =(BJ26-BG26)*1440 -> #REF! | BP26: =AA25 -> 0.61666667 | BR26: =AC25 -> 0.62013889 | BS26: ='[3]8B'!Q25 -> #REF! | BU26: ='[3]8B'!S25 -> #REF! | BW26: =(BU26-BR26)*1440 -> #REF!
B27: Midday | C27: 0.57291667 | D27: 0.58263889 | E27: 4 | F27: 0.58541667 | G27: 0.59166667 | I27: 0.59791667 | J27: 2 | K27: 0.59930556 | L27: 0.60208333 | M27: 0.60902778 | N27: 5 | O27: 0.6125 | P27: 0.61736111 | Q27: 2 | R27: 0.61875 | S27: 0.625 | T27: 0.63472222 | U27: 1 | V27: 0.63541667 | W27: 0.64305556 | X27: 0.65347222 | Y27: 0 | Z27: 0.65347222 | AA27: 0.65833333 | AB27: 5 | AC27: 0.66180556 | AD27: 0.67152778 | AE27: 8 | AF27: 0.67708333 | AG27: =AH27-AI27 -> 123 | AH27: =(AF27-C27)*1440 -> 150 | AI27: =E27+AE27+Y27+U27+Q27+J27+AB27+N27 -> 27 | AJ27: =AI27/AG27 -> 0.2195122 | AK27: =(AF27-AF26)*1440 -> 30 | AL27: 150 | BE27: =M30 -> 0.67152778 | BG27: =O30 -> 0.675 | BH27: ='[3]8B'!C30 -> #REF! | BJ27: ='[3]8B'!E30 -> #REF! | BL27: =(BJ27-BG27)*1440 -> #REF! | BP27: =AA26 -> 0.6375 | BR27: =AC26 -> 0.64097222 | BS27: ='[3]8B'!Q26 -> #REF! | BU27: ='[3]8B'!S26 -> #REF! | BW27: =(BU27-BR27)*1440 -> #REF!
B28: Midday | C28: 0.59375 | D28: 0.60347222 | E28: 4 | F28: 0.60625 | G28: 0.6125 | H28: 0.61597222 | I28: 0.61875 | J28: 2 | K28: 0.62013889 | L28: 0.62291667 | M28: 0.62986111 | N28: 5 | O28: 0.63333333 | P28: 0.63819444 | Q28: 2 | R28: 0.63958333 | S28: 0.64583333 | T28: 0.65555556 | U28: 1 | V28: 0.65625 | W28: 0.66388889 | X28: 0.67430556 | Y28: 0 | Z28: 0.67430556 | AA28: 0.67916667 | AB28: 5 | AC28: 0.68263889 | AD28: 0.69236111 | AE28: 8 | AF28: 0.69791667 | AG28: =AH28-AI28 -> 123 | AH28: =(AF28-C28)*1440 -> 150 | AI28: =E28+AE28+Y28+U28+Q28+J28+AB28+N28 -> 27 | AJ28: =AI28/AG28 -> 0.2195122 | AK28: =(AF28-AF27)*1440 -> 30 | AL28: 150 | BE28: =M31 -> 0.69236111 | BG28: =O31 -> 0.69583333 | BH28: ='[3]8B'!C31 -> #REF! | BJ28: ='[3]8B'!E31 -> #REF! | BL28: =(BJ28-BG28)*1440 -> #REF! | BP28: =AA27 -> 0.65833333 | BR28: =AC27 -> 0.66180556 | BS28: ='[3]8B'!Q27 -> #REF! | BU28: ='[3]8B'!S27 -> #REF! | BW28: =(BU28-BR28)*1440 -> #REF!
B29: Peak | C29: 0.61458333 | D29: 0.62430556 | E29: 4 | F29: 0.62708333 | G29: 0.63333333 | I29: 0.64027778 | J29: 1 | K29: 0.64097222 | L29: 0.64375 | M29: 0.65069444 | N29: 5 | O29: 0.65416667 | P29: 0.65902778 | Q29: 2 | R29: 0.66041667 | S29: 0.66666667 | T29: 0.67638889 | U29: 1 | V29: 0.67708333 | W29: 0.68541667 | X29: 0.69652778 | Y29: 0 | Z29: 0.69652778 | AA29: 0.70138889 | AB29: 5 | AC29: 0.70486111 | AD29: 0.71527778 | AE29: 5 | AF29: 0.71875 | AG29: =AH29-AI29 -> 127 | AH29: =(AF29-C29)*1440 -> 150 | AI29: =E29+AE29+Y29+U29+Q29+J29+AB29+N29 -> 23 | AJ29: =AI29/AG29 -> 0.18110236 | AK29: =(AF29-AF28)*1440 -> 30 | AL29: 150 | BE29: =M32 -> 0.71319444 | BG29: =O32 -> 0.71666667 | BH29: ='[3]8B'!C32 -> #REF! | BJ29: ='[3]8B'!E32 -> #REF! | BL29: =(BJ29-BG29)*1440 -> #REF! | BP29: =AA28 -> 0.67916667 | BR29: =AC28 -> 0.68263889 | BS29: ='[3]8B'!Q28 -> #REF! | BU29: ='[3]8B'!S28 -> #REF! | BW29: =(BU29-BR29)*1440 -> #REF!
B30: Peak | C30: 0.63541667 | D30: 0.64513889 | E30: 4 | F30: 0.64791667 | G30: 0.65416667 | I30: 0.66111111 | J30: 1 | K30: 0.66180556 | L30: 0.66458333 | M30: 0.67152778 | N30: 5 | O30: 0.675 | P30: 0.67986111 | Q30: 2 | R30: 0.68125 | S30: 0.6875 | T30: 0.69722222 | U30: 2 | V30: 0.69861111 | W30: 0.70694444 | X30: 0.71805556 | Y30: 0 | Z30: 0.71805556 | AA30: 0.72291667 | AB30: 5 | AC30: 0.72638889 | AD30: 0.73680556 | AE30: 4 | AF30: 0.73958333 | AG30: =AH30-AI30 -> 127 | AH30: =(AF30-C30)*1440 -> 150 | AI30: =E30+AE30+Y30+U30+Q30+J30+AB30+N30 -> 23 | AJ30: =AI30/AG30 -> 0.18110236 | AK30: =(AF30-AF29)*1440 -> 30 | AL30: 150 | BE30: =M33 -> 0.73402778 | BG30: =O33 -> 0.7375 | BH30: ='[3]8B'!C33 -> #REF! | BJ30: ='[3]8B'!E33 -> #REF! | BL30: =(BJ30-BG30)*1440 -> #REF! | BP30: =AA29 -> 0.70138889 | BR30: =AC29 -> 0.70486111 | BS30: ='[3]8B'!Q29 -> #REF! | BU30: ='[3]8B'!S29 -> #REF! | BW30: =(BU30-BR30)*1440 -> #REF!
B31: Peak | C31: 0.65625 | D31: 0.66597222 | E31: 4 | F31: 0.66875 | G31: 0.675 | I31: 0.68194444 | J31: 1 | K31: 0.68263889 | L31: 0.68541667 | M31: 0.69236111 | N31: 5 | O31: 0.69583333 | P31: 0.70069444 | Q31: 2 | R31: 0.70208333 | S31: 0.70833333 | T31: 0.71805556 | U31: 2 | V31: 0.71944444 | W31: 0.72777778 | X31: 0.73888889 | Y31: 0 | Z31: 0.73888889 | AA31: 0.74375 | AB31: 5 | AC31: 0.74722222 | AD31: 0.75763889 | AE31: 4 | AF31: 0.76041667 | AG31: =AH31-AI31 -> 127 | AH31: =(AF31-C31)*1440 -> 150 | AI31: =E31+AE31+Y31+U31+Q31+J31+AB31+N31 -> 23 | AJ31: =AI31/AG31 -> 0.18110236 | AK31: =(AF31-AF30)*1440 -> 30 | AL31: 150 | BE31: =M34 -> 0.75486111 | BG31: =O34 -> 0.75833333 | BH31: ='[3]8B'!C34 -> #REF! | BJ31: ='[3]8B'!E34 -> #REF! | BL31: =(BJ31-BG31)*1440 -> #REF! | BP31: =AA30 -> 0.72291667 | BR31: =AC30 -> 0.72638889 | BS31: ='[3]8B'!Q30 -> #REF! | BU31: ='[3]8B'!S30 -> #REF! | BW31: =(BU31-BR31)*1440 -> #REF!
B32: Evening | C32: 0.67708333 | D32: 0.68611111 | E32: 4 | F32: 0.68888889 | G32: 0.69583333 | I32: 0.70208333 | J32: 2 | K32: 0.70347222 | L32: 0.70625 | M32: 0.71319444 | N32: 5 | O32: 0.71666667 | P32: 0.72152778 | Q32: 5 | R32: 0.725 | S32: 0.73125 | T32: 0.74027778 | U32: 2 | V32: 0.74166667 | W32: 0.74861111 | X32: 0.75763889 | Y32: 2 | Z32: 0.75902778 | AA32: 0.76319444 | AB32: 5 | AC32: 0.76666667 | AD32: 0.77638889 | AE32: 7 | AF32: 0.78125 | AG32: =AH32-AI32 -> 118 | AH32: =(AF32-C32)*1440 -> 150 | AI32: =E32+AE32+Y32+U32+Q32+J32+AB32+N32 -> 32 | AJ32: =AI32/AG32 -> 0.27118644 | AK32: =(AF32-AF31)*1440 -> 30 | AL32: 150 | BE32: =M35 -> 0.77569444 | BG32: =O35 -> 0.77916667 | BH32: ='[3]8B'!C35 -> #REF! | BJ32: ='[3]8B'!E35 -> #REF! | BP32: =AA31 -> 0.74375 | BR32: =AC31 -> 0.74722222 | BS32: ='[3]8B'!Q31 -> #REF! | BU32: ='[3]8B'!S31 -> #REF! | BW32: =(BU32-BR32)*1440 -> #REF!
B33: Evening | C33: 0.69791667 | D33: 0.70694444 | E33: 4 | F33: 0.70972222 | G33: 0.71666667 | I33: 0.72291667 | J33: 2 | K33: 0.72430556 | L33: 0.72708333 | M33: 0.73402778 | N33: 5 | O33: 0.7375 | P33: 0.74236111 | Q33: 5 | R33: 0.74583333 | S33: 0.75208333 | T33: 0.76111111 | U33: 2 | V33: 0.7625 | W33: 0.76944444 | X33: 0.77847222 | Y33: 2 | Z33: 0.77986111 | AA33: 0.78402778 | AB33: 5 | AC33: 0.7875 | AD33: 0.79722222 | AE33: 7 | AF33: 0.80208333 | AG33: =AH33-AI33 -> 118 | AH33: =(AF33-C33)*1440 -> 150 | AI33: =E33+AE33+Y33+U33+Q33+J33+AB33+N33 -> 32 | AJ33: =AI33/AG33 -> 0.27118644 | AK33: =(AF33-AF32)*1440 -> 30 | AL33: 150 | BE33: =M36 -> 0.79652778 | BG33: =O36 -> 0.80138889 | BH33: ='[3]8B'!C36 -> #REF! | BJ33: ='[3]8B'!E36 -> #REF! | BL33: =(BJ33-BG33)*1440 -> #REF! | BP33: =AA32 -> 0.76319444 | BR33: =AC32 -> 0.76666667 | BS33: ='[3]8B'!Q32 -> #REF! | BU33: ='[3]8B'!S32 -> #REF! | BW33: =(BU33-BR33)*1440 -> #REF!
B34: Evening | C34: 0.71875 | D34: 0.72777778 | E34: 4 | F34: 0.73055556 | G34: 0.7375 | I34: 0.74375 | J34: 2 | K34: 0.74513889 | L34: 0.74791667 | M34: 0.75486111 | N34: 5 | O34: 0.75833333 | P34: 0.76319444 | Q34: 5 | R34: 0.76666667 | S34: 0.77291667 | T34: 0.78194444 | U34: 2 | V34: 0.78333333 | W34: 0.79027778 | X34: 0.79930556 | Y34: 2 | Z34: 0.80069444 | AA34: 0.80486111 | AG34: =AH34-AI34 -> 104 | AH34: =(AA34-C34)*1440 -> 124 | AI34: =E34+AE34+Y34+U34+Q34+J34+AB34+N34 -> 20 | AJ34: =AI34/AG34 -> 0.19230769 | AL34: 150 | BE34: =M37 -> 0.81736111 | BG34: =O37 -> 0.82083333 | BH34: ='[3]8B'!C37 -> #REF! | BJ34: ='[3]8B'!E37 -> #REF! | BP34: =AA33 -> 0.78402778 | BR34: =AC33 -> 0.7875 | BS34: ='[3]8B'!Q33 -> #REF! | BU34: ='[3]8B'!S33 -> #REF! | BW34: =(BU34-BR34)*1440 -> #REF!
B35: Evening | C35: 0.73958333 | D35: 0.74861111 | E35: 4 | F35: 0.75138889 | G35: 0.75833333 | I35: 0.76458333 | J35: 2 | K35: 0.76597222 | L35: 0.76875 | M35: 0.77569444 | N35: 5 | O35: 0.77916667 | P35: 0.78402778 | Q35: 5 | R35: 0.7875 | S35: 0.79375 | T35: 0.80277778 | U35: 2 | V35: 0.80416667 | W35: 0.81111111 | X35: 0.82013889 | Y35: 2 | Z35: 0.82152778 | AA35: 0.82569444 | AB35: 7 | AC35: 0.83055556 | AD35: 0.84027778 | AE35: 8 | AF35: 0.84583333 | AG35: =AH35-AI35 -> 118 | AH35: =(AF35-C35)*1440 -> 153 | AI35: =E35+AE35+Y35+U35+Q35+J35+AB35+N35 -> 35 | AJ35: =AI35/AG35 -> 0.29661017 | AK35: =(AF35-AF33)*1440 -> 63 | AL35: 150 | BE35: =M38 -> 0.83819444 | BG35: =O38 -> 0.8625 | BH35: ='[3]8B'!C38 -> #REF! | BJ35: ='[3]8B'!E38 -> #REF! | BL35: =(BJ35-BG35)*1440 -> #REF! | BP35: =AA34 -> 0.80486111 | BR35: =AC34 | BS35: ='[3]8B'!Q34 -> #REF! | BU35: ='[3]8B'!S34 -> #REF! | BW35: =(BS35-BP35)*1440 -> #REF!
B36: Evening | C36: 0.76041667 | D36: 0.76944444 | E36: 4 | F36: 0.77222222 | G36: 0.77916667 | I36: 0.78541667 | J36: 2 | K36: 0.78680556 | L36: 0.78958333 | M36: 0.79652778 | N36: 7 | O36: 0.80138889 | P36: 0.80625 | AG36: =AH36-AI36 -> 53 | AH36: =(P36-C36)*1440 -> 66 | AI36: =E36+AE36+Y36+U36+Q36+J36+AB36+N36 -> 13 | AJ36: =AI36/AG36 -> 0.24528302 | AL36: 150 | BE36: =M39 -> 0.87986111 | BG36: =O39 -> 0.90416667 | BH36: ='[3]8B'!C39 -> #REF! | BJ36: ='[3]8B'!E39 -> #REF! | BL36: =(BJ36-BG36)*1440 -> #REF! | BP36: =AA35 -> 0.82569444 | BR36: =AC35 -> 0.83055556 | BS36: ='[3]8B'!Q36 -> #REF! | BU36: ='[3]8B'!S36 -> #REF! | BW36: =(BU36-BR36)*1440 -> #REF!
B37: Evening | C37: 0.78125 | D37: 0.79027778 | E37: 4 | F37: 0.79305556 | G37: 0.8 | I37: 0.80625 | J37: 2 | K37: 0.80763889 | L37: 0.81041667 | M37: 0.81736111 | N37: 5 | O37: 0.82083333 | P37: 0.82569444 | Q37: 2 | R37: 0.82708333 | S37: 0.83402778 | T37: 0.83888889 | U37: 2 | V37: 0.84027778 | W37: 0.84652778 | X37: 0.85555556 | Y37: 2 | Z37: 0.85694444 | AA37: 0.86388889 | AB37: 5 | AC37: 0.86736111 | AD37: 0.87638889 | AE37: 16 | AF37: 0.8875 | AG37: =AH37-AI37 -> 115 | AH37: =(AF37-C37)*1440 -> 153 | AI37: =E37+AE37+Y37+U37+Q37+J37+AB37+N37 -> 38 | AJ37: =AI37/AG37 -> 0.33043478 | AK37: =(AF37-AF35)*1440 -> 60 | AL37: 150 | BE37: =M40 -> 0.92152778 | BG37: =O40 -> 0.94583333 | BH37: ='[3]8B'!C40 -> #REF! | BJ37: ='[3]8B'!E40 -> #REF! | BL37: =(BJ37-BG37)*1440 -> #REF! | BP37: =AA36 | BR37: =AC36 | BS37: ='[3]8B'!Q36 -> #REF! | BU37: ='[3]8B'!S36 -> #REF! | BW37: =(BU37-BR37)*1440 -> #REF!
B38: Evening | C38: 0.80208333 | D38: 0.81111111 | E38: 4 | F38: 0.81388889 | G38: 0.82083333 | I38: 0.82708333 | J38: 2 | K38: 0.82847222 | L38: 0.83125 | M38: 0.83819444 | N38: 5 | O38: 0.8625 | P38: 0.86736111 | Q38: 2 | R38: 0.86875 | S38: 0.87569444 | T38: 0.88055556 | U38: 2 | V38: 0.88194444 | W38: 0.88819444 | X38: 0.89722222 | Y38: 2 | Z38: 0.89861111 | AA38: 0.90555556 | AB38: 5 | AC38: 0.90902778 | AD38: 0.91805556 | AE38: 16 | AF38: 0.92916667 | AG38: =AH38-AI38 -> 115 | AH38: =(AF38-O38)*1440+(M38-C38)*1440+N38 -> 153 | AI38: =E38+AE38+Y38+U38+Q38+J38+AB38+N38 -> 38 | AJ38: =AI38/AG38 -> 0.33043478 | AK38: =(AF38-AF37)*1440 -> 60 | AL38: 150 | BE38: =M41 -> 0.96319444 | BG38: =O41 -> 0.99027778 | BH38: ='[3]8B'!C41 -> #REF! | BJ38: ='[3]8B'!E41 -> #REF! | BL38: =(BJ38-BG38)*1440 -> #REF! | BP38: =AA37 -> 0.86388889 | BR38: =AC37 -> 0.86736111 | BS38: ='[3]8B'!Q37 -> #REF! | BU38: ='[3]8B'!S37 -> #REF! | BW38: =(BU38-BR38)*1440 -> #REF!
B39: Night | C39: 0.84583333 | D39: 0.85486111 | E39: 4 | F39: 0.85763889 | G39: 0.86319444 | I39: 0.86944444 | J39: 2 | K39: 0.87083333 | L39: 0.87291667 | M39: 0.87986111 | N39: 5 | O39: 0.90416667 | P39: 0.90833333 | Q39: 2 | R39: 0.90972222 | S39: 0.91666667 | T39: 0.92083333 | U39: 2 | V39: 0.92222222 | W39: 0.92777778 | X39: 0.93680556 | Y39: 3 | Z39: 0.93888889 | AA39: 0.94583333 | AB39: 5 | AC39: 0.94930556 | AD39: 0.95763889 | AE39: 19 | AF39: 0.97083333 | AG39: =AH39-AI39 -> 108 | AH39: =(AF39-O39)*1440+(M39-C39)*1440+N39 -> 150 | AI39: =E39+AE39+Y39+U39+Q39+J39+AB39+N39 -> 42 | AJ39: =AI39/AG39 -> 0.38888889 | AK39: =(AF39-AF38)*1440 -> 60 | AL39: 150 | BE39: =M42 -> 1.0048611 | BG39: =O42 -> 1.0291667 | BH39: ='[3]8B'!C42 -> #REF! | BJ39: ='[3]8B'!E42 -> #REF! | BL39: =(BJ39-BG39)*1440 -> #REF! | BP39: =AA38 -> 0.90555556 | BR39: =AC38 -> 0.90902778 | BS39: ='[3]8B'!Q38 -> #REF! | BU39: ='[3]8B'!S38 -> #REF! | BW39: =(BU39-BR39)*1440 -> #REF!
B40: Night | C40: 0.8875 | D40: 0.89652778 | E40: 4 | F40: 0.89930556 | G40: 0.90486111 | I40: 0.91111111 | J40: 2 | K40: 0.9125 | L40: 0.91458333 | M40: 0.92152778 | N40: 5 | O40: 0.94583333 | P40: 0.95 | Q40: 2 | R40: 0.95138889 | S40: 0.95833333 | T40: 0.9625 | U40: 2 | V40: 0.96388889 | W40: 0.96944444 | X40: 0.97847222 | Y40: 3 | Z40: 0.98055556 | AA40: 0.9875 | AG40: =AH40-AI40 -> 96 | AH40: =(AA40-O40)*1440+(M40-C40)*1440+N40 -> 114 | AI40: =E40+AE40+Y40+U40+Q40+J40+AB40+N40 -> 18 | AJ40: =AI40/AG40 -> 0.1875 | AK40: =(W40-W39)*1440 -> 60 | AL40: 150
B41: Night | C41: 0.92916667 | D41: 0.93819444 | E41: 4 | F41: 0.94097222 | G41: 0.94652778 | I41: 0.95277778 | J41: 2 | K41: 0.95416667 | L41: 0.95625 | M41: 0.96319444 | N41: 5 | O41: 0.99027778 | P41: 0.99444444 | Q41: 2 | R41: 0.99583333 | S41: 1.0027778 | T41: 1.0069444 | U41: 1 | V41: 1.0076389 | W41: 1.0131944 | X41: 1.0222222 | Y41: 0 | Z41: 1.0222222 | AA41: 1.0291667 | AG41: =AH41-AI41 -> 96 | AH41: =(AA41-O41)*1440+(M41-C41)*1440+N41 -> 110 | AI41: =E41+AE41+Y41+U41+Q41+J41+AB41+N41 -> 14 | AJ41: =AI41/AG41 -> 0.14583333 | AK41: =(W41-W40)*1440 -> 63 | AL41: 150
B42: Night | C42: 0.97083333 | D42: 0.97986111 | E42: 4 | F42: 0.98263889 | G42: 0.98819444 | I42: 0.99444444 | J42: 2 | K42: 0.99583333 | L42: 0.99791667 | M42: 1.0048611 | O42: 1.0291667 | P42: 1.0333333 | AG42: =AH42-AI42 -> 49 | AH42: =(P42-O42)*1440+(M42-C42)*1440+N42 -> 55 | AI42: =E42+AE42+Y42+U42+Q42+J42+AB42+N42 -> 6 | AJ42: =AI42/AG42 -> 0.12244898 | AK42: =(M42-M41)*1440 -> 60 | AL42: 151
AG43: =SUM(AG5:AG42)/60 -> 66.15 | AH43: =SUM(AH5:AH42)/60 -> 83.1 | AI43: =SUM(AI6:AI42)/60 -> 16.866667 | AJ43: =AI43/AG43 -> 0.25497606
A45: Saturday
C46: 8A North | V46: 8A South | AE46: 8A - Northbound
C47: DEPART | D47: ARRIVE | E47: R | F47: DEPART | I47: ARRIVE | J47: R | K47: DEPART | M47: ARRIVE | N47: R | O47: DEPART | P47: ARRIVE | Q47: R | R47: DEPART | T47: ARRIVE | U47: R | V47: DEPART | X47: ARRIVE | Y47: R | Z47: DEPART | AA47: ARRIVE | AB47: R | AC47: DEPART | AD47: ARRIVE | AE47: R | AF47: DEPART
B48: Stop Name | C48: Barrie South GO | D48: Park Place | F48: Park Place | G48: Essa at Mapleview | H48: Bear Creek Sp. | I48: Peggy Hill | K48: Peggy Hill | L48: Essa at Veteran's | M48: Allandale GO | O48: Allandale GO | P48: Downtown | R48: Downtown | S48: Blake at Johnson | T48: Georgian College | V48: Georgian College | W48: Georgian Mall | X48: Anne at Donald | Z48: Anne at Donald | AA48: Allandale GO | AC48: Allandale GO | AD48: Barrie South GO | AF48: Barrie South GO
B49: Stop ID | C49: 725 | D49: 725 | F49: 777 | G49: 308 | I49: 488 | K49: 488 | L49: 313 | M49: 732 | O49: 732 | P49: 1 | R49: 1 | S49: 129 | T49: 330 | V49: 330 | W49: 440 | X49: New | Z49: New | AA49: 732 | AC49: 732 | AD49: 725 | AF49: 725 | AG49: Travel Time | AH49: Cycle Time | AI49: R | AJ49: R Ratio (15% Target) | AK49: Frequency | AL49: Headway Cycle Time | AN49: Start | AO49: Allandale 1 | AP49: Allandale 2 | AQ49: End
B50: Early Morning | AC50: 0.29097222 | AD50: 0.3 | AE50: 6 | AF50: 0.30416667 | AG50: =AH50-AI50 -> 13 | AH50: =(AF50-AC50)*1440 -> 19 | AI50: =E50+AE50+Y50+U50+Q50+J50+AB50+N50 -> 6 | AJ50: =AI50/AG50 -> 0.46153846 | AL50: 43 | AP50: =(AA50-AA9)*1440 -> -405 | AQ50: =(AF50-AF9)*1440 -> 0
B51: Early Morning | AC51: 0.31180556 | AD51: 0.32083333 | AE51: 6 | AF51: 0.325 | AG51: =AH51-AI51 -> 13 | AH51: =(AF51-AC51)*1440 -> 19 | AI51: =E51+AE51+Y51+U51+Q51+J51+AB51+N51 -> 6 | AJ51: =AI51/AG51 -> 0.46153846 | AK51: =(AF51-AF50)*1440 -> 30 | AL51: 43 | AN51: =(C55-C14)*1440 -> 0 | AP51: =(AA51-AA10)*1440 -> -435 | AQ51: =(AF51-AF10)*1440 -> 0
B52: Early Morning | R52: 0.28541667 | S52: 0.29097222 | T52: 0.30069444 | U52: 1 | V52: 0.30138889 | W52: 0.30833333 | X52: 0.31736111 | Y52: 2 | Z52: 0.31875 | AA52: 0.32291667 | AB52: 5 | AC52: 0.32638889 | AD52: 0.33541667 | AE52: 15 | AF52: 0.34583333 | AG52: =AH52-AI52 -> 64 | AH52: =(AF52-R52)*1440 -> 87 | AI52: =E52+AE52+Y52+U52+Q52+J52+AB52+N52 -> 23 | AJ52: =AI52/AG52 -> 0.359375 | AK52: =(AF52-AF51)*1440 -> 30 | AL52: 43 | AN52: =(C56-C15)*1440 -> 0 | AP52: =(AA52-AA11)*1440 -> 0 | AQ52: =(AF52-AF11)*1440 -> 0
B53: Early Morning | R53: 0.30625 | S53: 0.31180556 | T53: 0.32152778 | U53: 1 | V53: 0.32222222 | W53: 0.32916667 | X53: 0.33819444 | Y53: 2 | Z53: 0.33958333 | AA53: 0.34375 | AB53: 5 | AC53: 0.34722222 | AD53: 0.35625 | AE53: 15 | AF53: 0.36666667 | AG53: =AH53-AI53 -> 64 | AH53: =(AF53-R53)*1440 -> 87 | AI53: =E53+AE53+Y53+U53+Q53+J53+AB53+N53 -> 23 | AJ53: =AI53/AG53 -> 0.359375 | AK53: =(AF53-AF52)*1440 -> 30 | AL53: 150 | AN53: =(C57-C16)*1440 -> 0 | AP53: =(AA53-AA12)*1440 -> 0 | AQ53: =(AF53-AF12)*1440 -> 0
B54: Early Morning | F54: 0.29583333 | G54: 0.30138889 | I54: 0.30833333 | J54: 2 | K54: 0.30972222 | L54: 0.31180556 | M54: 0.31805556 | N54: 5 | O54: 0.32152778 | P54: 0.32569444 | Q54: 2 | R54: 0.32708333 | S54: 0.33263889 | T54: 0.34236111 | U54: 1 | V54: 0.34305556 | W54: 0.35 | X54: 0.35902778 | Y54: 2 | Z54: 0.36041667 | AA54: 0.36458333 | AB54: 5 | AC54: 0.36805556 | AD54: 0.37708333 | AE54: 15 | AF54: 0.3875 | AG54: =AH54-AI54 -> 100 | AH54: =(AF54-F54)*1440 -> 132 | AI54: =E54+AE54+Y54+U54+Q54+J54+AB54+N54 -> 32 | AJ54: =AI54/AG54 -> 0.32 | AK54: =(AF54-AF53)*1440 -> 30 | AL54: 150 | AN54: =(C58-C17)*1440 -> 0 | AO54: =(M54-M13)*1440 -> 1 | AP54: =(AA54-AA13)*1440 -> 0 | AQ54: =(AF54-AF13)*1440 -> 0
B55: Morning | C55: 0.30416667 | D55: 0.31388889 | E55: 4 | F55: 0.31666667 | G55: 0.32222222 | I55: 0.32847222 | J55: 2 | K55: 0.32986111 | L55: 0.33194444 | M55: 0.33819444 | N55: 5 | O55: 0.34166667 | P55: 0.34652778 | Q55: 2 | R55: 0.34791667 | S55: 0.35416667 | T55: 0.36388889 | U55: 1 | V55: 0.36458333 | W55: 0.37152778 | X55: 0.38125 | Y55: 0 | Z55: 0.38125 | AA55: 0.38541667 | AB55: 5 | AC55: 0.38888889 | AD55: 0.39791667 | AE55: 15 | AF55: 0.40833333 | AG55: =AH55-AI55 -> 116 | AH55: =(AF55-C55)*1440 -> 150 | AI55: =E55+AE55+Y55+U55+Q55+J55+AB55+N55 -> 34 | AJ55: =AI55/AG55 -> 0.29310345 | AK55: =(AF55-AF54)*1440 -> 30 | AL55: 150 | AN55: =(C59-C18)*1440 -> 0 | AO55: =(M55-M14)*1440 -> 0 | AP55: =(AA55-AA14)*1440 -> 0 | AQ55: =(AF55-AF14)*1440 -> 0
B56: Morning | C56: 0.325 | D56: 0.33472222 | E56: 4 | F56: 0.3375 | G56: 0.34305556 | I56: 0.34930556 | J56: 2 | K56: 0.35069444 | L56: 0.35277778 | M56: 0.35902778 | N56: 5 | O56: 0.3625 | P56: 0.36736111 | Q56: 2 | R56: 0.36875 | S56: 0.375 | T56: 0.38472222 | U56: 1 | V56: 0.38541667 | W56: 0.39236111 | X56: 0.40208333 | Y56: 0 | Z56: 0.40208333 | AA56: 0.40625 | AB56: 5 | AC56: 0.40972222 | AD56: 0.41875 | AE56: 12 | AF56: 0.42708333 | AG56: =AH56-AI56 -> 116 | AH56: =(AF56-C56)*1440 -> 147 | AI56: =E56+AE56+Y56+U56+Q56+J56+AB56+N56 -> 31 | AJ56: =AI56/AG56 -> 0.26724138 | AK56: =(AF56-AF55)*1440 -> 27 | AL56: 150 | AN56: =(C60-C19)*1440 -> 0 | AO56: =(M56-M15)*1440 -> 0 | AP56: =(AA56-AA15)*1440 -> 0 | AQ56: =(AF56-AF15)*1440 -> 0
B57: Morning | C57: 0.34583333 | D57: 0.35555556 | E57: 4 | F57: 0.35833333 | G57: 0.36388889 | I57: 0.37013889 | J57: 2 | K57: 0.37152778 | L57: 0.37361111 | M57: 0.37986111 | N57: 5 | O57: 0.38333333 | P57: 0.38819444 | Q57: 2 | R57: 0.38958333 | S57: 0.39583333 | T57: 0.40555556 | U57: 1 | V57: 0.40625 | W57: 0.41319444 | X57: 0.42291667 | Y57: 1 | Z57: 0.42361111 | AA57: 0.42777778 | AB57: 5 | AC57: 0.43125 | AD57: 0.44027778 | AE57: 11 | AF57: 0.44791667 | AG57: =AH57-AI57 -> 116 | AH57: =(AF57-C57)*1440 -> 147 | AI57: =E57+AE57+Y57+U57+Q57+J57+AB57+N57 -> 31 | AJ57: =AI57/AG57 -> 0.26724138 | AK57: =(AF57-AF56)*1440 -> 30 | AL57: 150 | AN57: =(C61-C20)*1440 -> 0 | AO57: =(M57-M16)*1440 -> 0 | AP57: =(AA57-AA16)*1440 -> -1 | AQ57: =(AF57-AF16)*1440 -> 0
B58: Morning | C58: 0.36666667 | D58: 0.37638889 | E58: 4 | F58: 0.37916667 | G58: 0.38472222 | I58: 0.39097222 | J58: 2 | K58: 0.39236111 | L58: 0.39444444 | M58: 0.40069444 | N58: 5 | O58: 0.40416667 | P58: 0.40902778 | Q58: 2 | R58: 0.41041667 | S58: 0.41666667 | T58: 0.42638889 | U58: 1 | V58: 0.42708333 | W58: 0.43402778 | X58: 0.44375 | Y58: 2 | Z58: 0.44513889 | AA58: 0.44930556 | AB58: 5 | AC58: 0.45277778 | AD58: 0.46180556 | AE58: 10 | AF58: 0.46875 | AG58: =AH58-AI58 -> 116 | AH58: =(AF58-C58)*1440 -> 147 | AI58: =E58+AE58+Y58+U58+Q58+J58+AB58+N58 -> 31 | AJ58: =AI58/AG58 -> 0.26724138 | AK58: =(AF58-AF57)*1440 -> 30 | AL58: 150 | AN58: =(C62-C21)*1440 -> 0 | AO58: =(M58-M17)*1440 -> 0 | AP58: =(AA58-AA17)*1440 -> 0 | AQ58: =(AF58-AF17)*1440 -> 0
B59: Morning | C59: 0.3875 | D59: 0.39722222 | E59: 4 | F59: 0.4 | G59: 0.40555556 | I59: 0.41180556 | J59: 2 | K59: 0.41319444 | L59: 0.41527778 | M59: 0.42152778 | N59: 5 | O59: 0.425 | P59: 0.42986111 | Q59: 2 | R59: 0.43125 | S59: 0.4375 | T59: 0.44722222 | U59: 1 | V59: 0.44791667 | W59: 0.45486111 | X59: 0.46458333 | Y59: 2 | Z59: 0.46597222 | AA59: 0.47013889 | AB59: 5 | AC59: 0.47361111 | AD59: 0.48263889 | AE59: 10 | AF59: 0.48958333 | AG59: =AH59-AI59 -> 116 | AH59: =(AF59-C59)*1440 -> 147 | AI59: =E59+AE59+Y59+U59+Q59+J59+AB59+N59 -> 31 | AJ59: =AI59/AG59 -> 0.26724138 | AK59: =(AF59-AF58)*1440 -> 30 | AL59: 150 | AN59: =(C63-C22)*1440 -> 0 | AO59: =(M59-M18)*1440 -> 0 | AP59: =(AA59-AA18)*1440 -> 0 | AQ59: =(AF59-AF18)*1440 -> 0
B60: Morning | C60: 0.40833333 | D60: 0.41805556 | E60: 4 | F60: 0.42083333 | G60: 0.42638889 | I60: 0.43263889 | J60: 2 | K60: 0.43402778 | L60: 0.43611111 | M60: 0.44236111 | N60: 5 | O60: 0.44583333 | P60: 0.45069444 | Q60: 2 | R60: 0.45208333 | S60: 0.45833333 | T60: 0.46805556 | U60: 1 | V60: 0.46875 | W60: 0.47569444 | X60: 0.48541667 | Y60: 2 | Z60: 0.48680556 | AA60: 0.49097222 | AB60: 5 | AC60: 0.49444444 | AD60: 0.50347222 | AE60: 10 | AF60: 0.51041667 | AG60: =AH60-AI60 -> 116 | AH60: =(AF60-C60)*1440 -> 147 | AI60: =E60+AE60+Y60+U60+Q60+J60+AB60+N60 -> 31 | AJ60: =AI60/AG60 -> 0.26724138 | AK60: =(AF60-AF59)*1440 -> 30 | AL60: 150 | AN60: =(C64-C23)*1440 -> 0 | AO60: =(M60-M19)*1440 -> 0 | AP60: =(AA60-AA19)*1440 -> 0 | AQ60: =(AF60-AF19)*1440 -> 0
B61: Midday | C61: 0.42708333 | D61: 0.43680556 | E61: 4 | F61: 0.43958333 | G61: 0.44583333 | I61: 0.45208333 | J61: 2 | K61: 0.45347222 | L61: 0.45625 | M61: 0.46319444 | N61: 5 | O61: 0.46666667 | P61: 0.47152778 | Q61: 2 | R61: 0.47291667 | S61: 0.47916667 | T61: 0.48888889 | U61: 1 | V61: 0.48958333 | W61: 0.49722222 | X61: 0.50763889 | Y61: 0 | Z61: 0.50763889 | AA61: 0.5125 | AB61: 5 | AC61: 0.51597222 | AD61: 0.52569444 | AE61: 8 | AF61: 0.53125 | AG61: =AH61-AI61 -> 123 | AH61: =(AF61-C61)*1440 -> 150 | AI61: =E61+AE61+Y61+U61+Q61+J61+AB61+N61 -> 27 | AJ61: =AI61/AG61 -> 0.2195122 | AK61: =(AF61-AF60)*1440 -> 30 | AL61: 150 | AN61: =(C65-C24)*1440 -> 0 | AO61: =(M61-M20)*1440 -> 0 | AP61: =(AA61-AA20)*1440 -> 0 | AQ61: =(AF61-AF20)*1440 -> 0
B62: Midday | C62: 0.44791667 | D62: 0.45763889 | E62: 4 | F62: 0.46041667 | G62: 0.46666667 | I62: 0.47291667 | J62: 2 | K62: 0.47430556 | L62: 0.47708333 | M62: 0.48402778 | N62: 5 | O62: 0.4875 | P62: 0.49236111 | Q62: 2 | R62: 0.49375 | S62: 0.5 | T62: 0.50972222 | U62: 1 | V62: 0.51041667 | W62: 0.51805556 | X62: 0.52847222 | Y62: 0 | Z62: 0.52847222 | AA62: 0.53333333 | AB62: 5 | AC62: 0.53680556 | AD62: 0.54652778 | AE62: 8 | AF62: 0.55208333 | AG62: =AH62-AI62 -> 123 | AH62: =(AF62-C62)*1440 -> 150 | AI62: =E62+AE62+Y62+U62+Q62+J62+AB62+N62 -> 27 | AJ62: =AI62/AG62 -> 0.2195122 | AK62: =(AF62-AF61)*1440 -> 30 | AL62: 150 | AN62: =(C66-C25)*1440 -> 0 | AO62: =(M62-M21)*1440 -> 0 | AP62: =(AA62-AA21)*1440 -> 0 | AQ62: =(AF62-AF21)*1440 -> 0
B63: Midday | C63: 0.46875 | D63: 0.47847222 | E63: 4 | F63: 0.48125 | G63: 0.4875 | I63: 0.49375 | J63: 2 | K63: 0.49513889 | L63: 0.49791667 | M63: 0.50486111 | N63: 5 | O63: 0.50833333 | P63: 0.51319444 | Q63: 2 | R63: 0.51458333 | S63: 0.52083333 | T63: 0.53055556 | U63: 1 | V63: 0.53125 | W63: 0.53888889 | X63: 0.54930556 | Y63: 0 | Z63: 0.54930556 | AA63: 0.55416667 | AB63: 5 | AC63: 0.55763889 | AD63: 0.56736111 | AE63: 8 | AF63: 0.57291667 | AG63: =AH63-AI63 -> 123 | AH63: =(AF63-C63)*1440 -> 150 | AI63: =E63+AE63+Y63+U63+Q63+J63+AB63+N63 -> 27 | AJ63: =AI63/AG63 -> 0.2195122 | AK63: =(AF63-AF62)*1440 -> 30 | AL63: 150 | AN63: =(C67-C26)*1440 -> 0 | AO63: =(M63-M22)*1440 -> 0 | AP63: =(AA63-AA22)*1440 -> 0 | AQ63: =(AF63-AF22)*1440 -> 0
B64: Midday | C64: 0.48958333 | D64: 0.49930556 | E64: 4 | F64: 0.50208333 | G64: 0.50833333 | I64: 0.51458333 | J64: 2 | K64: 0.51597222 | L64: 0.51875 | M64: 0.52569444 | N64: 5 | O64: 0.52916667 | P64: 0.53402778 | Q64: 2 | R64: 0.53541667 | S64: 0.54166667 | T64: 0.55138889 | U64: 1 | V64: 0.55208333 | W64: 0.55972222 | X64: 0.57013889 | Y64: 0 | Z64: 0.57013889 | AA64: 0.575 | AB64: 5 | AC64: 0.57847222 | AD64: 0.58819444 | AE64: 8 | AF64: 0.59375 | AG64: =AH64-AI64 -> 123 | AH64: =(AF64-C64)*1440 -> 150 | AI64: =E64+AE64+Y64+U64+Q64+J64+AB64+N64 -> 27 | AJ64: =AI64/AG64 -> 0.2195122 | AK64: =(AF64-AF63)*1440 -> 30 | AL64: 150 | AN64: =(C68-C27)*1440 -> 0 | AO64: =(M64-M23)*1440 -> 0 | AP64: =(AA64-AA23)*1440 -> 0 | AQ64: =(AF64-AF23)*1440 -> 0
B65: Midday | C65: 0.51041667 | D65: 0.52013889 | E65: 4 | F65: 0.52291667 | G65: 0.52916667 | I65: 0.53541667 | J65: 2 | K65: 0.53680556 | L65: 0.53958333 | M65: 0.54652778 | N65: 5 | O65: 0.55 | P65: 0.55486111 | Q65: 2 | R65: 0.55625 | S65: 0.5625 | T65: 0.57222222 | U65: 1 | V65: 0.57291667 | W65: 0.58055556 | X65: 0.59097222 | Y65: 0 | Z65: 0.59097222 | AA65: 0.59583333 | AB65: 5 | AC65: 0.59930556 | AD65: 0.60902778 | AE65: 8 | AF65: 0.61458333 | AG65: =AH65-AI65 -> 123 | AH65: =(AF65-C65)*1440 -> 150 | AI65: =E65+AE65+Y65+U65+Q65+J65+AB65+N65 -> 27 | AJ65: =AI65/AG65 -> 0.2195122 | AK65: =(AF65-AF64)*1440 -> 30 | AL65: 150 | AN65: =(C69-C28)*1440 -> 0 | AO65: =(M65-M24)*1440 -> 0 | AP65: =(AA65-AA24)*1440 -> 0 | AQ65: =(AF65-AF24)*1440 -> 0
B66: Midday | C66: 0.53125 | D66: 0.54097222 | E66: 4 | F66: 0.54375 | G66: 0.55 | I66: 0.55625 | J66: 2 | K66: 0.55763889 | L66: 0.56041667 | M66: 0.56736111 | N66: 5 | O66: 0.57083333 | P66: 0.57569444 | Q66: 2 | R66: 0.57708333 | S66: 0.58333333 | T66: 0.59305556 | U66: 1 | V66: 0.59375 | W66: 0.60138889 | X66: 0.61180556 | Y66: 0 | Z66: 0.61180556 | AA66: 0.61666667 | AB66: 5 | AC66: 0.62013889 | AD66: 0.62986111 | AE66: 8 | AF66: 0.63541667 | AG66: =AH66-AI66 -> 123 | AH66: =(AF66-C66)*1440 -> 150 | AI66: =E66+AE66+Y66+U66+Q66+J66+AB66+N66 -> 27 | AJ66: =AI66/AG66 -> 0.2195122 | AK66: =(AF66-AF65)*1440 -> 30 | AL66: 150 | AN66: =(C70-C29)*1440 -> 0 | AO66: =(M66-M25)*1440 -> 0 | AP66: =(AA66-AA25)*1440 -> 0 | AQ66: =(AF66-AF25)*1440 -> 0
... B74: Evening | C74: 0.69791667 | D74: 0.70694444 | E74: 4 | F74: 0.70972222 | G74: 0.71666667 | I74: 0.72291667 | J74: 2 | K74: 0.72430556 | L74: 0.72708333 | M74: 0.73402778 | N74: 5 | O74: 0.7375 | P74: 0.74236111 | Q74: 5 | R74: 0.74583333 | S74: 0.75208333 | T74: 0.76111111 | U74: 2 | V74: 0.7625 | W74: 0.76944444 | X74: 0.77847222 | Y74: 2 | Z74: 0.77986111 | AA74: 0.78402778 | AB74: 5 | AC74: 0.7875 | AD74: 0.79722222 | AE74: 7 | AF74: 0.80208333 | AG74: =AH74-AI74 -> 118 | AH74: =(AF74-C74)*1440 -> 150 | AI74: =E74+AE74+Y74+U74+Q74+J74+AB74+N74 -> 32 | AJ74: =AI74/AG74 -> 0.27118644 | AK74: =(AF74-AF73)*1440 -> 30 | AL74: 150 | AN74: =(C78-C37)*1440 -> 0 | AO74: =(M74-M33)*1440 -> 0 | AP74: =(AA74-AA33)*1440 -> 0 | AQ74: =(AF74-AF33)*1440 -> 0
B75: Evening | C75: 0.71875 | D75: 0.72777778 | E75: 4 | F75: 0.73055556 | G75: 0.7375 | I75: 0.74375 | J75: 2 | K75: 0.74513889 | L75: 0.74791667 | M75: 0.75486111 | N75: 5 | O75: 0.75833333 | P75: 0.76319444 | Q75: 5 | R75: 0.76666667 | S75: 0.77291667 | T75: 0.78194444 | U75: 2 | V75: 0.78333333 | W75: 0.79027778 | X75: 0.79930556 | Y75: 2 | Z75: 0.80069444 | AA75: 0.80486111 | AG75: =AH75-AI75 -> 104 | AH75: =(AA75-C75)*1440 -> 124 | AI75: =E75+AE75+Y75+U75+Q75+J75+AB75+N75 -> 20 | AJ75: =AI75/AG75 -> 0.19230769 | AL75: 150 | AN75: =(C79-C38)*1440 -> 0 | AO75: =(M75-M34)*1440 -> 0 | AP75: =(AA75-AA34)*1440 -> 0 | AQ75: =(AF75-AF34)*1440 -> 0
B76: Evening | C76: 0.73958333 | D76: 0.74861111 | E76: 4 | F76: 0.75138889 | G76: 0.75833333 | I76: 0.76458333 | J76: 2 | K76: 0.76597222 | L76: 0.76875 | M76: 0.77569444 | N76: 5 | O76: 0.77916667 | P76: 0.78402778 | Q76: 5 | R76: 0.7875 | S76: 0.79375 | T76: 0.80277778 | U76: 2 | V76: 0.80416667 | W76: 0.81111111 | X76: 0.82013889 | Y76: 2 | Z76: 0.82152778 | AA76: 0.82569444 | AB76: 7 | AC76: 0.83055556 | AD76: 0.84027778 | AE76: 8 | AF76: 0.84583333 | AG76: =AH76-AI76 -> 118 | AH76: =(AF76-C76)*1440 -> 153 | AI76: =E76+AE76+Y76+U76+Q76+J76+AB76+N76 -> 35 | AJ76: =AI76/AG76 -> 0.29661017 | AK76: =(AF76-AF74)*1440 -> 63 | AL76: 150 | AN76: =(C80-C39)*1440 -> 0 | AO76: =(M76-M35)*1440 -> 0 | AP76: =(AA76-AA35)*1440 -> 0 | AQ76: =(AF76-AF35)*1440 -> 0
B77: Evening | C77: 0.76041667 | D77: 0.76944444 | E77: 4 | F77: 0.77222222 | G77: 0.77916667 | I77: 0.78541667 | J77: 2 | K77: 0.78680556 | L77: 0.78958333 | M77: 0.79652778 | N77: 5 | O77: 0.8 | P77: 0.80486111 | AG77: =AH77-AI77 -> 53 | AH77: =(P77-C77)*1440 -> 64 | AI77: =E77+AE77+Y77+U77+Q77+J77+AB77+N77 -> 11 | AJ77: =AI77/AG77 -> 0.20754717 | AL77: 150 | AN77: =(C81-C40)*1440 -> 0 | AO77: =(M77-M36)*1440 -> 0 | AP77: =(AA77-AA36)*1440 -> 0 | AQ77: =(AF77-AF36)*1440 -> 0
B78: Evening | C78: 0.78125 | D78: 0.79027778 | E78: 4 | F78: 0.79305556 | G78: 0.8 | I78: 0.80625 | J78: 2 | K78: 0.80763889 | L78: 0.81041667 | M78: 0.81736111 | N78: 5 | O78: 0.82083333 | P78: 0.82569444 | Q78: 2 | R78: 0.82708333 | S78: 0.83402778 | T78: 0.83888889 | U78: 2 | V78: 0.84027778 | W78: 0.84652778 | X78: 0.85555556 | Y78: 2 | Z78: 0.85694444 | AA78: 0.86388889 | AB78: 5 | AC78: 0.86736111 | AD78: 0.87638889 | AE78: 16 | AF78: 0.8875 | AG78: =AH78-AI78 -> 115 | AH78: =(AF78-C78)*1440 -> 153 | AI78: =E78+AE78+Y78+U78+Q78+J78+AB78+N78 -> 38 | AJ78: =AI78/AG78 -> 0.33043478 | AK78: =(AF78-AF76)*1440 -> 60 | AL78: 150 | AN78: =(C82-C41)*1440 -> 0 | AO78: =(M78-M37)*1440 -> 0 | AP78: =(AA78-AA37)*1440 -> 0 | AQ78: =(AF78-AF37)*1440 -> 0
B79: Evening | C79: 0.80208333 | D79: 0.81111111 | E79: 4 | F79: 0.81388889 | G79: 0.82083333 | I79: 0.82708333 | J79: 2 | K79: 0.82847222 | L79: 0.83125 | M79: 0.83819444 | N79: 5 | O79: 0.8625 | P79: 0.86736111 | Q79: 2 | R79: 0.86875 | S79: 0.87569444 | T79: 0.88055556 | U79: 2 | V79: 0.88194444 | W79: 0.88819444 | X79: 0.89722222 | Y79: 2 | Z79: 0.89861111 | AA79: 0.90555556 | AB79: 5 | AC79: 0.90902778 | AD79: 0.91805556 | AE79: 16 | AF79: 0.92916667 | AG79: =AH79-AI79 -> 115 | AH79: =(AF79-O79)*1440+(M79-C79)*1440+N79 -> 153 | AI79: =E79+AE79+Y79+U79+Q79+J79+AB79+N79 -> 38 | AJ79: =AI79/AG79 -> 0.33043478 | AK79: =(AF79-AF78)*1440 -> 60 | AL79: 150 | AN79: =(C83-C42)*1440 -> 0 | AO79: =(M79-M38)*1440 -> 0 | AP79: =(AA79-AA38)*1440 -> 0 | AQ79: =(AF79-AF38)*1440 -> 0
B80: Night | C80: 0.84583333 | D80: 0.85486111 | E80: 4 | F80: 0.85763889 | G80: 0.86319444 | I80: 0.86944444 | J80: 2 | K80: 0.87083333 | L80: 0.87291667 | M80: 0.87986111 | N80: 5 | O80: 0.90416667 | P80: 0.90833333 | Q80: 2 | R80: 0.90972222 | S80: 0.91666667 | T80: 0.92083333 | U80: 2 | V80: 0.92222222 | W80: 0.92777778 | X80: 0.93680556 | Y80: 3 | Z80: 0.93888889 | AA80: 0.94583333 | AB80: 5 | AC80: 0.94930556 | AD80: 0.95763889 | AE80: 19 | AF80: 0.97083333 | AG80: =AH80-AI80 -> 108 | AH80: =(AF80-O80)*1440+(M80-C80)*1440+N80 -> 150 | AI80: =E80+AE80+Y80+U80+Q80+J80+AB80+N80 -> 42 | AJ80: =AI80/AG80 -> 0.38888889 | AK80: =(AF80-AF79)*1440 -> 60 | AL80: 150 | AN80: =(C84-C43)*1440 -> 0 | AO80: =(M80-M39)*1440 -> 0 | AP80: =(AA80-AA39)*1440 -> 0 | AQ80: =(AF80-AF39)*1440 -> 0
B81: Night | C81: 0.8875 | D81: 0.89652778 | E81: 4 | F81: 0.89930556 | G81: 0.90486111 | I81: 0.91111111 | J81: 2 | K81: 0.9125 | L81: 0.91458333 | M81: 0.92152778 | N81: 5 | O81: 0.94583333 | P81: 0.95 | Q81: 2 | R81: 0.95138889 | S81: 0.95833333 | T81: 0.9625 | U81: 2 | V81: 0.96388889 | W81: 0.96944444 | X81: 0.97847222 | Y81: 3 | Z81: 0.98055556 | AA81: 0.9875 | AG81: =AH81-AI81 -> 96 | AH81: =(AA81-O81)*1440+(M81-C81)*1440+N81 -> 114 | AI81: =E81+AE81+Y81+U81+Q81+J81+AB81+N81 -> 18 | AJ81: =AI81/AG81 -> 0.1875 | AK81: =(W81-W80)*1440 -> 60 | AL81: 150 | AN81: =(C85-C44)*1440 -> 0 | AO81: =(M81-M40)*1440 -> 0 | AP81: =(AA81-AA40)*1440 -> 0 | AQ81: =(AF81-AF40)*1440 -> 0
B82: Night | C82: 0.92916667 | D82: 0.93819444 | E82: 4 | F82: 0.94097222 | G82: 0.94652778 | I82: 0.95277778 | J82: 2 | K82: 0.95416667 | L82: 0.95625 | M82: 0.96319444 | N82: 5 | O82: 0.9875 | P82: 0.99166667 | Q82: 2 | R82: 0.99305556 | S82: 1 | T82: 1.0041667 | U82: 2 | V82: 1.0055556 | W82: 1.0111111 | X82: 1.0201389 | Y82: 3 | Z82: 1.0222222 | AA82: 1.0291667 | AG82: =AH82-AI82 -> 96 | AH82: =(AA82-O82)*1440+(M82-C82)*1440+N82 -> 114 | AI82: =E82+AE82+Y82+U82+Q82+J82+AB82+N82 -> 18 | AJ82: =AI82/AG82 -> 0.1875 | AK82: =(W82-W81)*1440 -> 60 | AL82: 150 | AN82: =(C86-C45)*1440 -> 0 | AO82: =(M82-M41)*1440 -> 0 | AP82: =(AA82-AA41)*1440 -> 0 | AQ82: =(AF82-AF41)*1440 -> 0
